Date,Regime_0,Regime_1,Regime_2
2021-10-14,1.0,9.380516365208116e-27,1.1080582665257268e-77
2021-10-18,1.6310774642853723e-06,0.999998368920808,1.7318148727146402e-13
2021-10-19,0.9999316633579108,6.833503373121848e-05,1.608531850614751e-09
2021-10-20,5.98330383888353e-05,0.9999401667084538,2.5433528246722354e-10
2021-10-21,0.9998888306279077,0.00011106506140560623,1.0431003080743575e-07
2021-10-22,0.0001145452820843811,0.9998854516835046,3.033691852631941e-09
2021-10-25,0.9998231394040054,0.0001768545689669776,6.028317017875776e-09
2021-10-26,0.0001691358023447118,0.9998308637847647,4.1367351505963845e-10
2021-10-27,0.9997326578259734,0.0002673347746641194,7.399231562702908e-09
2021-10-28,0.00022399720925119282,0.9997758134946995,1.8929491632628722e-07
2021-10-29,0.9996766108653482,0.00032292337796446666,4.657569265970412e-07
2021-11-01,0.00031059232167286515,0.9996892956722797,1.1200702190867477e-07
2021-11-02,0.9995646434475934,0.0004351835961096667,1.7295526556542981e-07
2021-11-03,0.00041480719089414836,0.9995850978041357,9.500598400647318e-08
2021-11-04,0.9993910970040962,0.0006088546812498696,4.831513917593503e-08
2021-11-08,0.0005787389846025229,0.9994212459125721,1.5102492537276075e-08
2021-11-09,0.9991204529672165,0.000879364807109532,1.822261612434877e-07
2021-11-10,0.000841928009243839,0.9991579934195215,7.857261502706689e-08
2021-11-11,0.9989277493461899,0.001070950870530951,1.2997849102835114e-06
2021-11-12,0.0010412768732594529,0.9989586575049549,6.562243249132663e-08
2021-11-15,0.9985827597551145,0.0014158705163241922,1.3697300669139153e-06
2021-11-16,0.0014002472891948897,0.998596844461472,2.9082499352665273e-06
2021-11-17,0.9966728079087999,0.0016666581151999471,0.001660533975239894
2021-11-18,0.0012353912523038206,0.9967285740162701,0.002036034730021413
2021-11-22,0.04249267036888989,0.0014210926989804426,0.9560862369320016
2021-11-23,0.0008774153448219082,0.042527186241801025,0.9565953984121949
2021-11-24,0.02180983754049053,0.0009355273092461735,0.9772546351509025
2021-11-25,1.5439779484064975e-06,0.021814372308681714,0.9781840837146547
2021-11-26,3.948525322989897e-06,1.7442066295168343e-06,0.9999943072669486
2021-11-29,0.0001037612551602219,5.75083980656563e-06,0.9998904879045288
2021-11-30,0.00011746278811993374,0.00011106466740961605,0.9997714725461817
2021-12-01,0.000502297059742053,0.00012252966069993228,0.9993751732788505
2021-12-02,3.9011242016839976e-05,0.0005094734603412256,0.9994515152962306
2021-12-03,1.697883260810655e-06,3.948951420262843e-05,0.9999588126016827
2021-12-06,1.747666250954982e-06,1.8015397388458788e-06,0.9999964507941742
2021-12-07,3.667336217435485e-05,3.1183920866968e-06,0.9999602082448269
2021-12-08,1.0404272177382367e-05,3.8189892720910544e-05,0.9999514058347191
2021-12-09,4.982990460379887e-06,1.1003480491246855e-05,0.9999840135283203
2021-12-10,2.853093158392463e-06,5.831653767824558e-06,0.9999913152546155
2021-12-13,1.928697667389755e-06,3.1104848588880933e-06,0.9999949608190584
2021-12-14,3.6752452132410224e-06,2.494127535260807e-06,0.9999938306290682
2021-12-15,7.180318275760495e-06,4.321481562209824e-06,0.9999884981996079
2021-12-16,5.859308960711197e-07,8.165042040069414e-06,0.9999912490257887
2021-12-17,1.4805122333782397e-07,6.44572762852647e-07,0.9999992073756815
2021-12-20,2.2039082616577256e-05,6.793590673078798e-07,0.9999772815569927
2021-12-21,0.006454328876410012,0.0005377677584948181,0.9930079033643269
2021-12-22,0.06365590099286567,0.006826601649667566,0.9295174973574475
2021-12-23,0.058990541155265946,0.06877420157243569,0.8722352572725585
2021-12-24,0.41167300528296846,0.06074357177197592,0.5275834229451783
2021-12-27,0.1177077310046362,0.42106564310882816,0.46122662588623625
2021-12-28,0.8073858596577943,0.1195108982258058,0.07310324211702342
2021-12-29,0.13888334057008536,0.8129401878546114,0.04817647157376233
2021-12-30,0.852187494019021,0.13932568967842937,0.008486816302483106
2021-12-31,0.14192061242728385,0.8555946790383037,0.0024847085334596696
2022-01-03,0.8579503684087857,0.14195490849774287,9.472309251745838e-05
2022-01-04,0.13850579526185156,0.8614346433503288,5.9561387187601955e-05
2022-01-05,0.8610221214938153,0.13894249829621264,3.5380211692380005e-05
2022-01-06,0.13762976715090752,0.8623060659819983,6.416686677688087e-05
2022-01-07,0.8610879442863195,0.13889864207891262,1.3413634214466724e-05
2022-01-10,0.13780338007334683,0.8621840933663809,1.252656039331303e-05
2022-01-11,0.860472879689122,0.13951437080608228,1.2749504769409511e-05
2022-01-12,0.1384680713276714,0.8615133042859608,1.862438741825507e-05
2022-01-13,0.8592977809620601,0.14065873593154773,4.3483107952713666e-05
2022-01-14,0.13979216359424254,0.8601994711203665,8.365284382102753e-06
2022-01-17,0.8585684670548054,0.1414302634086361,1.2695379456071962e-06
2022-01-18,0.14002208393558893,0.8599773261063884,5.899585313485191e-07
2022-01-19,0.8589186909155838,0.14107964184568733,1.6672392203136134e-06
2022-01-20,0.14030162674604071,0.8596931167640887,5.256489402606102e-06
2022-01-21,0.8582043508785844,0.14154244419454617,0.00025320492544490255
2022-01-24,0.13693749604586145,0.8596835179118983,0.0033789860440586288
2022-01-25,0.8571782065274707,0.13936803256796582,0.0034537609039366215
2022-01-27,0.1394380339102078,0.8570507093509648,0.0035112567404476155
2022-01-28,0.852249636838855,0.14291864363588058,0.00483171952539739
2022-01-31,0.1425259927820918,0.8526863816371227,0.004787625579075464
2022-02-01,0.8481586584473213,0.1484418237919966,0.0033995177624998475
2022-02-02,0.1493335214748362,0.8482241581145353,0.0024423204103442508
2022-02-03,0.8446635036232342,0.15174080115230776,0.003595695226122808
2022-02-04,0.15073307283469545,0.8450854929965868,0.004181434167475954
2022-02-07,0.7855534579346221,0.15386175286168102,0.06058478920458393
2022-02-08,0.14988610115930937,0.786738848822358,0.06337505001738492
2022-02-09,0.7584618690282132,0.1509798815039386,0.09055824946882705
2022-02-10,0.08981103718797717,0.759321412130192,0.1508675506817031
2022-02-11,0.0018145141712297595,0.0905202537121968,0.9076652321165913
2022-02-14,5.99063272463056e-07,0.0018164597069695867,0.9981829412281413
2022-02-15,1.531524808170847e-06,6.910860367940869e-07,0.9999977773902318
2022-02-16,1.985930989185429e-06,1.9032757852696813e-06,0.9999961107935774
2022-02-17,3.692534617004038e-06,2.7338316225100783e-06,0.9999935736329498
2022-02-18,2.381627499943341e-05,4.9230430366925265e-06,0.9999712606823583
2022-02-21,6.264688820515741e-06,2.513115715734797e-05,0.999968604153678
2022-02-22,1.1861476761012241e-05,6.95521559328069e-06,0.9999811833064571
2022-02-23,2.2659372057642992e-07,1.5802606923526663e-05,0.9999839708009433
2022-02-24,3.430413748909577e-11,2.2906837779935623e-07,0.9999997708983108
2022-02-25,7.226768532539733e-11,2.8783529723475997e-09,0.9999999970495992
2022-02-28,3.32688306476557e-13,2.426137355425359e-09,0.9999999975734681
2022-03-02,9.602896375674236e-11,3.104962924685326e-11,0.9999999998726707
2022-03-03,3.3868171863680104e-08,1.2364061708319862e-07,0.999999842490082
2022-03-04,9.755285595023812e-12,5.349083158484702e-08,0.9999999464998851
2022-03-07,1.3268090587912906e-12,2.5897208902213642e-11,0.9999999999745341
2022-03-08,2.0638332439105847e-10,5.551250054809885e-09,0.9999999942410795
2022-03-09,1.0460971957495086e-11,2.472251073845125e-09,0.9999999975188985
2022-03-10,2.3496826469811242e-11,7.601452114523015e-10,0.9999999992178346
2022-03-11,1.1571366385686105e-11,4.316235412777853e-09,0.9999999956708052
2022-03-14,7.432975831803992e-13,1.2124362791394676e-10,0.9999999998763087
2022-03-15,9.164864181962817e-11,1.7995446382020675e-09,0.999999998108251
2022-03-16,2.8894829250540588e-12,2.867564955118346e-09,0.9999999971296347
2022-03-17,1.2312684565250237e-11,1.0536138014613318e-10,0.9999999998835847
2022-03-21,4.167785968284323e-11,6.200024598383817e-09,0.9999999937572284
2022-03-22,4.320253243759037e-11,8.492131993223701e-10,0.9999999991086952
2022-03-23,2.9942751270539475e-11,6.251625806451269e-09,0.9999999937172106
2022-03-24,2.0817131587962623e-11,4.0976070094745444e-10,0.9999999995707185
2022-03-25,4.8609542486488195e-09,4.247356410749859e-09,0.9999999908905011
2022-03-28,3.988930082610331e-08,7.367709563699909e-08,0.999999886433222
2022-03-29,4.343562965683893e-08,1.1151371104370322e-07,0.9999998450512186
2022-03-30,5.75616005580473e-08,9.625864835736848e-08,0.999999846178992
2022-03-31,3.1996978584678254e-08,1.9881197329732162e-07,0.9999997691920992
2022-04-01,6.788762313532694e-10,4.9156086491789984e-08,0.9999999501633295
2022-04-04,9.039522905899827e-10,2.395997571903172e-09,0.9999999967003532
2022-04-05,4.3685657955118095e-08,6.819409786544186e-08,0.999999888121244
2022-04-06,8.956029205291741e-09,1.0661302542753587e-07,0.9999998844323339
2022-04-07,6.5552964374307276e-09,2.2118148170776934e-08,0.9999999713254515
2022-04-08,1.6899699569548738e-08,3.151492315129994e-08,0.9999999515857793
2022-04-11,1.6653982647277342e-08,7.648560261234608e-08,0.9999999068604709
2022-04-12,1.5960152342371387e-09,3.208922139921034e-08,0.9999999663159548
2022-04-13,2.600130871067817e-10,6.522417966617734e-09,0.9999999932188075
2022-04-18,1.3462450372373132e-12,2.555716805724791e-09,0.9999999974425009
2022-04-19,4.934779164535583e-12,3.775784405420939e-11,0.9999999999563443
2022-04-20,9.968011613580968e-11,7.726114453227523e-09,0.9999999921747076
2022-04-21,4.972004956588128e-10,2.6982721057202628e-09,0.9999999968058546
2022-04-22,5.36329891730871e-10,1.5736238795297564e-08,0.9999999837273209
2022-04-25,3.913841707378382e-11,2.738203840340095e-09,0.9999999972242222
2022-04-26,9.85738713432702e-10,2.1930669732658374e-09,0.9999999968204065
2022-04-27,1.1223199010087049e-09,4.117469715039118e-08,0.9999999577012213
2022-04-28,4.1217461369082126e-10,3.865643132791612e-09,0.9999999957217369
2022-04-29,5.585155102440959e-09,1.4835828532819755e-08,0.9999999795800252
2022-05-02,6.127518756384558e-10,2.0246544584495158e-08,0.9999999791398297
2022-05-04,7.601262101814808e-11,6.119547839645172e-09,0.9999999938045221
2022-05-05,2.3169827682668518e-10,2.3693114739266033e-09,0.9999999973988452
2022-05-06,1.1393269735623963e-10,6.451296114882277e-09,0.9999999934334483
2022-05-09,2.1027608176216181e-10,1.5691938830068157e-09,0.9999999982210284
2022-05-10,5.743938998543133e-09,9.319351427238374e-09,0.9999999849351299
2022-05-11,2.816832785626924e-09,3.1759105020633965e-08,0.99999996542465
2022-05-12,2.491687081236738e-09,1.068572959848378e-08,0.9999999868232408
2022-05-13,7.32655735783425e-09,5.155844636598262e-08,0.9999999411156768
2022-05-16,1.0919781198222735e-09,2.983396690587209e-08,0.9999999690735426
2022-05-17,3.6467012452160173e-09,5.66659957188367e-09,0.9999999906867743
2022-05-18,3.2134031383466517e-09,6.352573061487986e-08,0.999999933261281
2022-05-19,2.6433971281021863e-10,7.4762504784807e-09,0.9999999922583811
2022-05-20,8.174249535147223e-10,6.582761929088921e-09,0.9999999926003511
2022-05-23,5.016043023591071e-09,2.0079653810626962e-08,0.9999999749052225
2022-05-24,1.2310162722642793e-08,2.5657569358342426e-08,0.9999999620340538
2022-05-25,6.0138847239448635e-09,8.566637333699967e-08,0.9999999083193003
2022-05-26,3.507215052908287e-09,1.0774530957838657e-08,0.9999999857172952
2022-05-27,1.0526446236398028e-08,3.0441755144849424e-08,0.9999999590327215
2022-05-30,1.4808634296805139e-08,3.918219538318646e-08,0.999999946008758
2022-05-31,8.204092477767519e-08,1.3677122188908827e-07,0.9999997811865127
2022-06-01,8.508170379087443e-08,1.5846883313224984e-07,0.9999997564482624
2022-06-02,1.7773521136614012e-07,1.75904252776425e-07,0.9999996463594186
2022-06-03,5.835075954080288e-07,6.188119065176008e-07,0.9999987976814688
2022-06-06,1.381953815129419e-06,8.228344529475971e-07,0.9999977952126504
2022-06-07,1.1109804447158172e-06,1.8754951143938144e-06,0.9999970135258112
2022-06-08,2.6680537046355527e-06,1.3060500440778463e-06,0.9999960258980378
2022-06-09,5.371163555642351e-07,3.4723519511087585e-06,0.999995990533387
2022-06-10,1.4335062185576848e-08,6.298094906499678e-07,0.9999993558560419
2022-06-13,3.108862506012833e-08,2.442090829907183e-08,0.9999999444917209
2022-06-14,6.065631874269229e-07,4.320148388652943e-07,0.9999989614230735
2022-06-15,2.346892097609169e-07,8.264879371426678e-07,0.9999989388239728
2022-06-16,1.6981553178605907e-06,3.334548488800284e-07,0.9999979683909888
2022-06-17,4.6306988895678145e-06,3.68932785733473e-06,0.9999916799734418
2022-06-20,2.1643316510699458e-06,4.803764758670749e-06,0.9999930319051538
2022-06-21,3.6343031532618084e-07,3.03970231489964e-06,0.9999965968657916
2022-06-22,3.6884069919250804e-07,4.1252046965894827e-07,0.9999992186388551
2022-06-23,9.185980830462789e-06,8.235619605887533e-07,0.9999899904569983
2022-06-24,2.384521201451783e-05,1.0676915213496586e-05,0.9999654778723212
2022-06-27,2.3931127361183257e-05,2.5235104348364644e-05,0.9999508337686879
2022-06-28,3.4066390284043657e-06,2.597034215068592e-05,0.9999706230177731
2022-06-29,1.1525830393291349e-05,3.629969200872298e-06,0.9999848442005524
2022-06-30,2.419522756652988e-06,1.6180124615793105e-05,0.9999814003514882
2022-07-01,7.10110591673119e-06,2.4686361397460957e-06,0.9999904302588647
2022-07-04,0.00011538411599702903,1.7435676906704186e-05,0.9998671802087796
2022-07-05,0.00046140287604261836,0.00011848101721360376,0.9994201161055737
2022-07-06,5.013397782434335e-05,0.0004783411289235254,0.9994715248914738
2022-07-07,0.020675014201152263,6.572744905069034e-05,0.9792592583492501
2022-07-08,0.010506485659597192,0.025906955754067963,0.963586558584546
2022-07-11,0.5880709784630542,0.010867466587493544,0.40106155495059065
2022-07-12,0.02690609151181535,0.5941152286160604,0.37897867987382855
2022-07-13,0.8760707144771347,0.027148031782804522,0.09678125374139353
2022-07-14,0.03393863051136493,0.8848161972660176,0.08124517222389564
2022-07-15,0.9645734387489542,0.03371082787949563,0.0017157333701208178
2022-07-18,0.03027410533978784,0.9683749042386918,0.0013509904211883974
2022-07-19,0.9696073898617933,0.03038334102822867,9.269110067345113e-06
2022-07-20,0.02888270050894608,0.9711140201104833,3.2793802095157033e-06
2022-07-21,0.9707649206589367,0.029234356358405912,7.229828233315771e-07
2022-07-22,0.02799798532784443,0.9720008662419879,1.1484313783242592e-06
2022-07-25,0.971921140091685,0.028072514987095117,6.344920644020773e-06
2022-07-26,0.026733398812113035,0.973251752570751,1.4848615354893979e-05
2022-07-27,0.9731873487667748,0.026812184474876627,4.6675891893154245e-07
2022-07-28,0.024861167152410015,0.9751348803631726,3.952483405228959e-06
2022-07-29,0.974898904981269,0.025100999214641005,9.580240499227675e-08
2022-08-01,0.022757593783267898,0.97724076961118,1.6366053736137165e-06
2022-08-02,0.9770230945974829,0.022976825017788596,8.03857782646484e-08
2022-08-03,0.021275239056725365,0.9787245707411416,1.902030286310934e-07
2022-08-04,0.9785039866484776,0.021491158655186682,4.854696877760378e-06
2022-08-05,0.02083167536643142,0.9791679206548735,4.0397999133247246e-07
2022-08-08,0.9790549661819047,0.02094491611031859,1.1770608434446471e-07
2022-08-10,0.01996422958468577,0.9800356997823618,7.063322919545086e-08
2022-08-11,0.9799677237819704,0.02003226854178486,7.675503272264256e-09
2022-08-12,0.01872331712010435,0.9812763912258595,2.916536763750776e-07
2022-08-16,0.9815721510246179,0.018427847675508396,1.3008058480249097e-09
2022-08-17,0.013405661925281349,0.9865943221087847,1.5965314214439647e-08
2022-08-18,0.986832070908353,0.013167928262134804,8.277058110663055e-10
2022-08-19,0.011368166585038225,0.9886316176323157,2.1578087932163204e-07
2022-08-22,0.988644016150575,0.011355964646617953,1.920139724723951e-08
2022-08-23,0.009136002457245695,0.9908638813908145,1.1615359016268983e-07
2022-08-24,0.9910615843986141,0.008938414068871456,1.5307719399950018e-09
2022-08-25,0.006992439362142999,0.9930075423450369,1.8291073535677345e-08
2022-08-26,0.9931139842512346,0.006886013499240247,2.2506582143329117e-09
2022-08-29,0.005277105976213101,0.9947217839959108,1.1100270436452198e-06
2022-08-30,0.99473338522136,0.005266535022526147,7.97568145932512e-08
2022-09-01,0.004181096571915584,0.9958173020865951,1.6013400263056075e-06
2022-09-02,0.9957900106964159,0.004209941143259467,4.815989950977983e-08
2022-09-05,0.0037445039808794807,0.9962553622193603,1.337995446316566e-07
2022-09-06,0.9961611748595784,0.0038386765015038125,1.4863794310636933e-07
2022-09-07,0.0034179435482700068,0.9965818970434938,1.5940666770889053e-07
2022-09-08,0.9964998186698891,0.0035001621186533036,1.921028473040414e-08
2022-09-09,0.003086125673980931,0.9969138416976218,3.262888905412533e-08
2022-09-12,0.9968445118314627,0.0031554746033544026,1.3565747650291835e-08
2022-09-13,0.0025167470281884713,0.9974832266674707,2.630452484380239e-08
2022-09-14,0.9974802489106972,0.002519626388949735,1.2469888194099435e-07
2022-09-15,0.0022493982855168694,0.9977503000959962,3.016171362371076e-07
2022-09-16,0.9976944074587114,0.0022983726582714915,7.2198839992130874e-06
2022-09-19,0.0017202505820355246,0.9982789146358559,8.347806945762879e-07
2022-09-20,0.9982363690454951,0.0017636075751574895,2.33786925845547e-08
2022-09-21,0.0014717010042774824,0.99852823280802,6.618827321058133e-08
2022-09-22,0.9984418786928344,0.0015462626543054445,1.1858654059152195e-05
2022-09-23,0.001340132286667935,0.9986357534143097,2.4114299062741453e-05
2022-09-26,0.9984467430475444,0.001534610438998509,1.8646515246449853e-05
2022-09-27,0.0012483118023113797,0.9987367633453792,1.4924851419768544e-05
2022-09-28,0.9986817577605586,0.0013153939349289016,2.8483061492975314e-06
2022-09-29,0.0008885398185799647,0.9991090933550195,2.366825297984166e-06
2022-09-30,0.9990925161771734,0.0009071347977714797,3.4902608728998283e-07
2022-10-03,0.0006517467022747445,0.9993466909772888,1.562318876166834e-06
2022-10-04,0.9992985611238364,0.0007002257517517802,1.21312502988646e-06
2022-10-06,0.00042506945252586854,0.999573491235764,1.4393122591771856e-06
2022-10-07,0.9995525267801992,0.0004398782237955658,7.5949942514470705e-06
2022-10-10,0.00033765548460375244,0.9996558629379222,6.481578402461535e-06
2022-10-11,0.9994974439744254,0.00045816973177047345,4.438629332169056e-05
2022-10-12,0.0003882787639620613,0.9995875293905422,2.4191843771713092e-05
2022-10-13,0.9995218293844831,0.0004665599277024632,1.1610689228627811e-05
2022-10-14,0.0003822340322847678,0.9996090652903656,8.700678683880677e-06
2022-10-17,0.9995478081023982,0.0004503819982520369,1.8098979535077273e-06
2022-10-18,0.00036423411355737716,0.9996338152663615,1.9506189385511867e-06
2022-10-19,0.999566717438536,0.0004104638249320136,2.2818736622391797e-05
2022-10-20,0.0003472944869124161,0.9996271835722891,2.552194081450214e-05
2022-10-21,0.9995835008644195,0.0004158632700362414,6.358640288903337e-07
2022-10-24,0.0003458510331191619,0.9996539832355958,1.6573234711883134e-07
2022-10-25,0.999555097127235,0.00044478085331187643,1.2202074957514982e-07
2022-10-27,0.00038696039003067957,0.9996130205407862,1.9068745391710583e-08
2022-10-28,0.9994819041187676,0.0005171023031010308,9.935767906495394e-07
2022-10-31,0.0004867637907337276,0.9995131981352277,3.807459306038572e-08
2022-11-01,0.9992480777007298,0.000751657905300811,2.643938642156877e-07
2022-11-02,0.0007214635892881572,0.9992785276316827,8.777777189371435e-09
2022-11-03,0.9990872153668111,0.0009127524225043178,3.221170049405404e-08
2022-11-04,0.0008636434264835355,0.9991363404727933,1.610096788276949e-08
2022-11-07,0.9990048355697455,0.0009951492763304113,1.5155134918342218e-08
2022-11-09,0.0008927458913632408,0.9991072521621566,1.9449436604023277e-09
2022-11-10,0.9989500988014822,0.0010498986566724574,2.541427788159813e-09
2022-11-11,0.0010055501608530212,0.9989944449312755,4.908291291993103e-09
2022-11-14,0.9984307046934231,0.001569286178869391,9.125924894249223e-09
2022-11-15,0.0015632894157836571,0.9984367081850216,2.399868475662897e-09
2022-11-16,0.9982119040045411,0.0017880946006096294,1.3933033297753602e-09
2022-11-17,0.0017122234505165825,0.9982877739087119,2.640029347155136e-09
2022-11-18,0.9981308679467599,0.0018691312267904246,8.271932482736403e-10
2022-11-21,0.0017494018679239769,0.9982505960118628,2.118596733834735e-09
2022-11-22,0.9980624829347505,0.0019375150707799521,1.9930314333828755e-09
2022-11-23,0.0018595815172537085,0.9981404181855245,2.977926958271305e-10
2022-11-24,0.9979013368015666,0.0020986625010500047,6.978860431632871e-10
2022-11-25,0.0019729425325986324,0.9980270571007508,3.6592732316777e-10
2022-11-28,0.9978200265278158,0.0021799682413876117,5.232151487918722e-09
2022-11-29,0.0020717345404443824,0.9979282652445118,2.1659208297764828e-10
2022-11-30,0.9977029684631799,0.0022970311279565544,4.072152373301992e-10
2022-12-01,0.0021707302361292495,0.9978292695552148,2.1040366896321022e-10
2022-12-02,0.997628892662867,0.002371106539010037,7.986760457795744e-10
2022-12-05,0.0022648907897742637,0.9977351086870356,5.230686741079056e-10
2022-12-06,0.997614187878689,0.002385809849644694,2.272082473924803e-09
2022-12-07,0.0021996779570913803,0.9978003153833988,6.66024904191222e-09
2022-12-08,0.9977504009752486,0.002249598718922533,3.076351164583477e-10
2022-12-09,0.001995345551186879,0.9980046534239132,1.0240191907720704e-09
2022-12-12,0.9979957171769613,0.0020042827284302133,9.472529882782225e-11
2022-12-13,0.0016654922920424132,0.9983345074397036,2.67640517162698e-10
2022-12-14,0.9983050156770288,0.0016949842571072839,6.523165664414916e-11
2022-12-15,0.0013182665585834664,0.9986817228565694,1.058588858052015e-08
2022-12-16,0.9986140348976706,0.0013859631486549322,1.952081800452868e-09
2022-12-19,0.0012266575097880641,0.9987733421847559,3.0707818712963513e-10
2022-12-20,0.9987114212407014,0.0012885784215444444,3.3796678978708143e-10
2022-12-21,0.0010055173317516156,0.9989944690377245,1.3629767236120683e-08
2022-12-22,0.9989008138288586,0.0010991856550413128,5.147662344115685e-10
2022-12-23,0.0009762152070171101,0.9990237583558947,2.6437911571995886e-08
2022-12-27,0.9988991414763007,0.0011008578059903177,7.177122250681522e-10
2022-12-28,0.001042347899352403,0.9989576516087962,4.90517889611909e-10
2022-12-29,0.9987137673611782,0.0012862317969012595,8.417469301173188e-10
2022-12-30,0.0012691421471500094,0.99873085712045,7.337845724537194e-10
2023-01-02,0.9983095767173227,0.001690420968826447,2.315042974521441e-09
2023-01-03,0.0016466505518011848,0.998353349069391,3.791583912644856e-10
2023-01-04,0.9981458210430498,0.0018541512832367594,2.7671931879430934e-08
2023-01-05,0.0017544621459720648,0.9982455318472191,6.008220003163418e-09
2023-01-06,0.9980749207707785,0.001925060581219165,1.864854411733037e-08
2023-01-09,0.0017772895470456519,0.9982227075703136,2.883170887140799e-09
2023-01-10,0.9979858100717571,0.0020140805905735797,1.0933662380675352e-07
2023-01-11,0.001860730992162804,0.998139231476547,3.7532245009756804e-08
2023-01-12,0.9980420792728782,0.0019579085217834645,1.2204879002039953e-08
2023-01-13,0.0017962737515832352,0.9982037231520462,3.0965599833396386e-09
2023-01-16,0.9980769438325049,0.0019230368478903924,1.9321360844455453e-08
2023-01-17,0.0017074637378082294,0.9982925315086089,4.752925521421735e-09
2023-01-18,0.998180944729219,0.0018190524901232643,2.779880033925432e-09
2023-01-19,0.0016608565230820317,0.998339139887861,3.5880166805797187e-09
2023-01-20,0.998247765964054,0.0017522325072753808,1.5285170123750964e-09
2023-01-23,0.0016414152104942364,0.9983585845906587,1.976210173102196e-10
2023-01-24,0.9981945146224288,0.0018054835124417773,1.866281444416032e-09
2023-01-25,0.0017294904358717297,0.9982704859053733,2.366010989946924e-08
2023-01-27,0.9976675533611176,0.0023226637857150234,9.78285494374444e-06
2023-01-30,0.0021706586471506987,0.9978292302559507,1.110953210053343e-07
2023-01-31,0.9975697942288962,0.0024301905993567236,1.5170091120560425e-08
2023-02-01,0.00234626014974658,0.9976537280704412,1.1780933869634436e-08
2023-02-02,0.997475788413983,0.0025241608471288724,5.073771637844961e-08
2023-02-03,0.002404592616164323,0.9975953856253651,2.1759406494120247e-08
2023-02-06,0.9971612938179446,0.0028386522362629563,5.3944489095574635e-08
2023-02-07,0.0027384396020923227,0.9972615512312741,9.165065164109425e-09
2023-02-08,0.9970333346903386,0.0029666574951234268,7.81299504615016e-09
2023-02-09,0.002735057305917098,0.9972649363214304,6.374077971022634e-09
2023-02-10,0.9970678851981724,0.002932104164928329,1.0636207460435293e-08
2023-02-13,0.0026906400277302025,0.9973093342479374,2.5724022035812993e-08
2023-02-14,0.9971516202782745,0.002848363674153503,1.6048392529300935e-08
2023-02-15,0.0025319824158179247,0.9974679671595814,5.042373633053048e-08
2023-02-16,0.9971727293987513,0.002827203302864809,6.729660413592008e-08
2023-02-17,0.0026935719234662974,0.997306333122347,9.495422325351771e-08
2023-02-20,0.9969601727320785,0.0030392333068284517,5.939626339399622e-07
2023-02-21,0.0029544922480535256,0.9970454280743155,7.967680894043417e-08
2023-02-22,0.9965341807068769,0.003457930342066031,7.888950349218792e-06
2023-02-23,0.0032829394251652514,0.9967161506375205,9.09938714604969e-07
2023-02-24,0.9964838459239536,0.003515985271817692,1.688024383346802e-07
2023-02-27,0.0033813529286693565,0.9966185859853326,6.108610342410881e-08
2023-02-28,0.9963995460137531,0.003600240168037608,2.1381807836278676e-07
2023-03-01,0.00348636977292359,0.9965135844881214,4.5739634778056984e-08
2023-03-02,0.9963375758395986,0.0036621401094397666,2.840510772688726e-07
2023-03-03,0.003460078264384952,0.9965398835792066,3.815517380128622e-08
2023-03-06,0.9963564504233074,0.00364336668586069,1.8288925628242836e-07
2023-03-08,0.0033168746490558855,0.9966830364228673,8.892683669953962e-08
2023-03-09,0.9963822129215101,0.0036163288375557984,1.4582401111182246e-06
2023-03-10,0.0035040093974162438,0.9964932609237562,2.7296781275110457e-06
2023-03-13,0.9959824261242358,0.0039533137585064295,6.426011719538011e-05
2023-03-14,0.003695603026752378,0.9962750720676075,2.932490674180562e-05
2023-03-15,0.9962386841314507,0.00376101102511827,3.048436557941736e-07
2023-03-16,0.003078869696005922,0.9969208205673942,3.097363103839058e-07
2023-03-17,0.997025986114468,0.002974007295782263,6.591488646551322e-09
2023-03-20,0.0019461237879332073,0.9980535856378449,2.9057549075503765e-07
2023-03-21,0.9980624597476307,0.0019374037104782727,1.365433882254187e-07
2023-03-22,0.0013890784496251567,0.998610680721841,2.408298440000125e-07
2023-03-23,0.9986038741485689,0.0013960828831181317,4.29672750040143e-08
2023-03-24,0.0010427735756652055,0.9989571668956198,5.952824775339896e-08
2023-03-27,0.9989114920345166,0.001088475470385563,3.2494670525641755e-08
2023-03-28,0.0006589611025347068,0.999340997778797,4.1119673620842273e-08
2023-03-29,0.9993728070189536,0.0006271854981281699,7.483274377893072e-09
2023-03-31,0.00034400721802510954,0.9996557049294268,2.878543144346205e-07
2023-04-03,0.9996390135534903,0.0003608519138308915,1.345312675096268e-07
2023-04-05,0.0002404660295959028,0.9997594532392051,8.073162292049903e-08
2023-04-06,0.9997474997947642,0.00025247314098780647,2.7062796916418594e-08
2023-04-10,0.0001376096031982326,0.9998623400815341,5.031685689435428e-08
2023-04-11,0.9998423496916604,0.0001576213911337087,2.891813640104713e-08
2023-04-12,0.00012648243426133788,0.9998735085472463,9.019717178772145e-09
2023-04-13,0.999812656258257,0.00018729877892430046,4.496355133064105e-08
2023-04-17,0.00018146336217316107,0.9998183569704858,1.7966668162381303e-07
2023-04-18,0.9997150056411863,0.00028482498273181783,1.6937429795502246e-07
2023-04-19,0.00025583466874572127,0.9997440188868766,1.4644445774716657e-07
2023-04-20,0.9996500925710038,0.00034970937812563564,1.9804972469912737e-07
2023-04-21,0.00032909903949710086,0.9996708595044986,4.14566353940946e-08
2023-04-24,0.999470763217978,0.0005291164382791848,1.2034401598177615e-07
2023-04-25,0.0004967669957333222,0.9995031963120125,3.669337553519009e-08
2023-04-26,0.9992925135257278,0.0007073714378964587,1.1503485254498475e-07
2023-04-27,0.0006809172725320554,0.9993190697558485,1.2972710590608696e-08
2023-04-28,0.9989883573573913,0.0010115451210760218,9.752081420239372e-08
2023-05-02,0.0009694496822178083,0.9990304577908159,9.252566895514756e-08
2023-05-03,0.9985001590051098,0.0014995343914921083,3.0660371241445356e-07
2023-05-04,0.0015317315867341144,0.998468264231353,4.181661251645409e-09
2023-05-05,0.9977630802122183,0.0022223345735276788,1.4585215991193582e-05
2023-05-08,0.0022028036513696697,0.9977936906004498,3.5057469106161918e-06
2023-05-09,0.9971394154187615,0.002858603387631631,1.9811944662808306e-06
2023-05-10,0.002873692496905932,0.9971258576562434,4.4984548087508454e-07
2023-05-11,0.9965379080004853,0.0034606923638692273,1.3996341352350006e-06
2023-05-12,0.003451947278029717,0.9965477448608778,3.078609303241897e-07
2023-05-15,0.995967850514223,0.0040303909838059334,1.7585009530013929e-06
2023-05-16,0.004009624841427481,0.9959903208438161,5.431504083165863e-08
2023-05-17,0.9952217932083427,0.004778070172728816,1.3661868817905204e-07
2023-05-18,0.004732200811344055,0.9952677892520732,9.935553688840914e-09
2023-05-19,0.9947630909141538,0.005236672380382487,2.3670413066237838e-07
2023-05-22,0.00508761992488887,0.9949122359673123,1.4410748337368898e-07
2023-05-23,0.9945721450164666,0.005427831963723857,2.301985255350154e-08
2023-05-24,0.005065782085024867,0.9949341112543069,1.066624483877498e-07
2023-05-25,0.9948026696302559,0.005197298724826745,3.164508239817011e-08
2023-05-26,0.004806793283736174,0.9951931182276135,8.848868302634485e-08
2023-05-29,0.9950327895218748,0.004967195187362789,1.5291807881669852e-08
2023-05-30,0.004625929008009355,0.9953740063415767,6.465218590876594e-08
2023-05-31,0.9952674403155712,0.004731997826580665,5.618578744323898e-07
2023-06-01,0.004435108434531696,0.9955644019267801,4.896387402132782e-07
2023-06-02,0.9954283681028345,0.004571620915840633,1.098099667943411e-08
2023-06-05,0.004422817799881273,0.9955771799078869,2.292619074088871e-09
2023-06-06,0.994722037994266,0.005277939789186826,2.221735686296474e-08
2023-06-07,0.005327709097678803,0.9946722901353864,7.667337188187402e-10
2023-06-08,0.993034086418359,0.006965846514512806,6.706635271998466e-08
2023-06-09,0.007005085342727,0.9929949111200838,3.538627164249751e-09
2023-06-12,0.9923945926751944,0.007605381184607941,2.6140810329208822e-08
2023-06-13,0.007421346406998999,0.9925786511065336,2.487280514472032e-09
2023-06-14,0.992145210425316,0.007854781693208133,7.879942727156525e-09
2023-06-15,0.007638590923793089,0.9923613840821717,2.4993908500948062e-08
2023-06-16,0.9920041877233949,0.007995807619709982,4.6565071482921235e-09
2023-06-19,0.007905701135141134,0.9920942940606964,4.804094751223369e-09
2023-06-20,0.9913432698426918,0.00865672253122967,7.624272209060721e-09
2023-06-21,0.008581079418096202,0.9914189197821972,7.994483471460965e-10
2023-06-22,0.9905151981999298,0.00948478317273129,1.862684399921167e-08
2023-06-23,0.009475429651912405,0.9905245678297576,2.5165610725063075e-09
2023-06-26,0.989884050059746,0.010115942368539313,7.57076216297618e-09
2023-06-27,0.009999523389834584,0.9900004758091425,8.022913450555002e-10
2023-06-28,0.9895424376779254,0.010457560464143796,1.8589206887033727e-09
2023-06-30,0.010077440314238838,0.9899225563490186,3.3364959628877276e-09
2023-07-03,0.9894006621070917,0.01059932984501426,8.04825370858059e-09
2023-07-04,0.010284381048831722,0.9897156156188777,3.3323996492453793e-09
2023-07-05,0.9893925224116611,0.010607436658053523,4.092941635722012e-08
2023-07-06,0.010149312610944698,0.9898506665396971,2.0848305428317675e-08
2023-07-07,0.9896043299199034,0.010395597186635096,7.289352020764887e-08
2023-07-10,0.010139665456270427,0.9898602981287037,3.641645844981578e-08
2023-07-11,0.9893834087574233,0.010616568798376929,2.2442590214491784e-08
2023-07-12,0.010351009905770871,0.989648980138674,9.953967297534546e-09
2023-07-13,0.9892909405476801,0.010709044754829354,1.4696020162223945e-08
2023-07-14,0.010298209290298763,0.9897017780515812,1.2659135445370165e-08
2023-07-17,0.9892889483664404,0.010711043404610765,8.229966257722077e-09
2023-07-18,0.010337092279626616,0.9896628973172867,1.0402722647758874e-08
2023-07-19,0.9890317715892064,0.01096822398700254,4.422774396792568e-09
2023-07-20,0.010891138287313973,0.9891088607548598,9.586572520235038e-10
2023-07-21,0.9886309596415357,0.011368324671234371,7.156885867290656e-07
2023-07-24,0.011402095357195398,0.9885978981710948,6.472477008612952e-09
2023-07-25,0.9870162322993469,0.01298364290710563,1.2479475865262144e-07
2023-07-26,0.013131576355205224,0.9868684206191446,3.025678990878071e-09
2023-07-27,0.9834270388864093,0.01657277582682821,1.8528663166447905e-07
2023-07-28,0.01673408934836588,0.983265876590815,3.4061910316287114e-08
2023-07-31,0.9809953366801837,0.01900458167607336,8.164423844138011e-08
2023-08-01,0.018946716301039977,0.9810532679161243,1.5781494133527372e-08
2023-08-02,0.9798363423346982,0.020162954732954767,7.029329970980631e-07
2023-08-03,0.019756339520040404,0.980243170525698,4.899526773449667e-07
2023-08-04,0.9796758643987159,0.020324045866663604,8.973595684125028e-08
2023-08-07,0.019995471570943987,0.9800044775799064,5.085004254055053e-08
2023-08-08,0.9787603130258886,0.021239483903929875,2.0306989454067166e-07
2023-08-09,0.021089617232281494,0.9789103656765843,1.7092010281574165e-08
2023-08-10,0.9775544674605517,0.022445338165780815,1.9437368024365328e-07
2023-08-11,0.02217275878541902,0.9778271185340841,1.2268004696218352e-07
2023-08-14,0.976695175506667,0.023304223361803374,6.011317422835335e-07
2023-08-16,0.0228812402577004,0.9771185927281059,1.6701371659525798e-07
2023-08-17,0.9761828557025841,0.023816259920334367,8.843765608225435e-07
2023-08-18,0.023488139541545883,0.97651144128104,4.1917639108372784e-07
2023-08-21,0.9757006236689153,0.0242993207145123,5.5617173609232596e-08
2023-08-22,0.02400354823601326,0.9759964356031277,1.6162339378681886e-08
2023-08-23,0.9753262861734806,0.024673699893822926,1.39325164231659e-08
2023-08-24,0.02427538814643283,0.9757245379565432,7.389628025599187e-08
2023-08-25,0.9750842113229438,0.02491571180036963,7.687714835881753e-08
2023-08-28,0.02419894644013812,0.9758010297862384,2.377208188010718e-08
2023-08-29,0.9754847372145774,0.02451524991113097,1.287351061277119e-08
2023-08-30,0.02395199123807424,0.976047988602646,2.0158187060132124e-08
2023-08-31,0.9755643133164045,0.02443567004359466,1.6640958829550938e-08
2023-09-01,0.02369279066692097,0.9763072064887339,2.845992820367564e-09
2023-09-04,0.9760877465521515,0.023912252402818964,1.0466063647264053e-09
2023-09-05,0.02305140684607203,0.9769485893664132,3.787756570796147e-09
2023-09-06,0.9765643932449068,0.02343560332686516,3.429737703898454e-09
2023-09-07,0.022913939111525214,0.977086058726645,2.161563562147674e-09
2023-09-08,0.9766876895902221,0.02331230977714165,6.331475396620495e-10
2023-09-11,0.022759603258211015,0.9772403959297098,8.111725668743473e-10
2023-09-12,0.9766114484429194,0.023388548305763725,3.2499480588460028e-09
2023-09-13,0.022890886473849757,0.9771091127746722,7.523266246953937e-10
2023-09-14,0.9766456536332457,0.02335434567427781,6.932043594359001e-10
2023-09-15,0.02300802366814155,0.9769919761516059,1.78762735404425e-10
2023-09-18,0.9766689052920994,0.023331092076522307,2.6324913134602985e-09
2023-09-20,0.022940516374492653,0.9770593799346593,1.0368904005872831e-07
2023-09-21,0.9762004359335786,0.023799505223704345,5.884161757354908e-08
2023-09-22,0.02347655667799608,0.9765234193489721,2.3972161998123656e-08
2023-09-25,0.975800147018646,0.02419984036503636,1.2615148848491555e-08
2023-09-26,0.023928033761364473,0.9760719616852954,4.552624399151314e-09
2023-09-27,0.9749148518702846,0.02508507986938843,6.826067018413504e-08
2023-09-28,0.024494739261021452,0.9755050342670725,2.264702397591253e-07
2023-09-29,0.9744999378065967,0.02549993581315669,1.263804350728603e-07
2023-10-03,0.025412334165236843,0.9745876151443253,5.06896893030696e-08
2023-10-04,0.9710821269197207,0.0289175629655523,3.101157683771163e-07
2023-10-05,0.02891294097524116,0.9710870470543249,1.1971811579401227e-08
2023-10-06,0.9690374386001841,0.030962434496127008,1.2690241464390743e-07
2023-10-09,0.03095432218723545,0.9690456074765457,7.033685813355197e-08
2023-10-10,0.9647334051153214,0.03526644590670781,1.4897727480146272e-07
2023-10-11,0.03547004548018677,0.9645299498073756,4.711246723216834e-09
2023-10-12,0.9612210718686715,0.038778707039450834,2.210930416038285e-07
2023-10-13,0.03913207464937205,0.9608678997358904,2.5613457193622374e-08
2023-10-16,0.9560092846433599,0.043990329588371825,3.8576934801593746e-07
2023-10-17,0.044145536735782594,0.9558544593053254,3.958511189956993e-09
2023-10-18,0.9520392685225293,0.04795931172542858,1.4197516770967063e-06
2023-10-19,0.04801578680727533,0.9519842096639091,3.5300062522367406e-09
2023-10-20,0.9488685306626489,0.05113145325957435,1.607848075003817e-08
2023-10-23,0.051212514225184955,0.9487874767481255,9.028024180956689e-09
2023-10-25,0.9442653788977367,0.05573446475631923,1.5634521460658732e-07
2023-10-26,0.05572776803853442,0.9442721312745886,1.0068866739803463e-07
2023-10-27,0.9403014091063934,0.0596985193506007,7.154390762378079e-08
2023-10-30,0.05978560244956473,0.9402143899115321,7.638290613099591e-09
2023-10-31,0.9361635169861189,0.06383631832268412,1.6468953492833472e-07
2023-11-01,0.06383635459689954,0.9361636340483258,1.1356072737006098e-08
2023-11-02,0.9321214467606738,0.0678776968476025,8.563925213767978e-07
2023-11-03,0.06854223444216763,0.9314577641480793,1.4113019459382033e-09
2023-11-06,0.918371415613801,0.0816283788443868,2.0554200955577284e-07
2023-11-07,0.0823016684147408,0.9176983292892215,2.295746183440289e-09
2023-11-08,0.9047143819227079,0.09528539893964033,2.1913926183559248e-07
2023-11-09,0.0965655364855909,0.9034344613391112,2.175553311756384e-09
2023-11-10,0.8859462869125196,0.11405355371219905,1.593749332118509e-07
2023-11-13,0.11590054619780783,0.8840994532790633,5.22771115696241e-10
2023-11-15,0.8476256132883999,0.15237374122157957,6.454909562910618e-07
2023-11-16,0.1544679915408394,0.8455320017297767,6.7309054485949085e-09
2023-11-17,0.8000855289519435,0.19991293189915094,1.5391482773396222e-06
2023-11-20,0.20406510974633155,0.7959348887946076,1.459439938160059e-09
2023-11-21,0.7342720506008569,0.2657269998680222,9.495308244838446e-07
2023-11-22,0.2709133836215404,0.7290866152232385,1.154476258138353e-09
2023-11-23,0.6719681713743307,0.32803122541983554,6.032040278358663e-07
2023-11-24,0.33506198660948416,0.6649380133025907,8.908728951555693e-11
2023-11-28,0.599976668221625,0.4000231983882494,1.3338830903656256e-07
2023-11-29,0.4035174497855433,0.5964825501185137,9.485105211856393e-11
2023-11-30,0.5593385340899188,0.4406614450329027,2.087863773331438e-08
2023-12-01,0.4447065439391062,0.5552934560365821,2.349767200221305e-11
2023-12-04,0.5153276515826511,0.4846722613113335,8.710509931833989e-08
2023-12-05,0.48740962946071836,0.5125903699456719,5.931086296261656e-10
2023-12-06,0.4418682040007575,0.5581316544700805,1.4153082613099209e-07
2023-12-07,0.5614247670398108,0.4385752324757416,4.861235968014206e-10
2023-12-08,0.4199775072467047,0.5800224661172783,2.663692734539185e-08
2023-12-11,0.5811859031165739,0.41881409610021475,7.834978212886666e-10
2023-12-12,0.36709338761758964,0.6329062812686178,3.311140428715812e-07
2023-12-13,0.6368815484585164,0.3631184506155095,9.266299367733455e-10
2023-12-14,0.3294371351403712,0.6705625753399411,2.895179055788254e-07
2023-12-15,0.6718714047332119,0.32812858379098114,1.1474362596736694e-08
2023-12-18,0.2761848297846316,0.7238146089365178,5.612773646999195e-07
2023-12-19,0.7261332495045629,0.2738667497517412,7.431234736497258e-10
2023-12-20,0.2438383637392004,0.756161047170789,5.890894733664797e-07
2023-12-21,0.759182745056969,0.24081725401210624,9.32215045222404e-10
2023-12-22,0.21387050019745021,0.786129314308203,1.8549566907446695e-07
2023-12-26,0.7875278453369235,0.21247215274794118,1.9151673271669544e-09
2023-12-27,0.1918899746555764,0.8081098197548794,2.0558980681026763e-07
2023-12-28,0.8090907811910094,0.19090921818324258,6.243014356189537e-10
2023-12-29,0.1812109794161561,0.818788783284601,2.372976464167483e-07
2024-01-02,0.8197549329625531,0.18024506620176636,8.347222920193667e-10
2024-01-03,0.1700000275821273,0.8299995460542926,4.2636337336588527e-07
2024-01-04,0.8312342867471179,0.1687657127176319,5.355590751534884e-10
2024-01-05,0.15386351152921232,0.8461364521259083,3.6343902328697666e-08
2024-01-08,0.847291712003254,0.152708282676637,5.321526369398733e-09
2024-01-09,0.1270917402909643,0.8729079696661448,2.900415840716203e-07
2024-01-10,0.8750151738858881,0.12498482406742395,2.0460763749512262e-09
2024-01-11,0.09822972610263991,0.9017689660277439,1.3078693533162892e-06
2024-01-12,0.9041350601902406,0.09586492272895994,1.7080075974137003e-08
2024-01-15,0.04858884658629611,0.9514070276771298,4.125737512763265e-06
2024-01-16,0.9538896742337913,0.046110311058278765,1.4707127381525965e-08
2024-01-17,0.02912873154907949,0.9706966603474131,0.0001746081042720202
2024-01-18,0.9711470306351088,0.028847428655540512,5.540708254442053e-06
2024-01-19,0.025328835828204742,0.9746593175310422,1.184664246069215e-05
2024-01-23,0.975084735424197,0.02490763722025257,7.627355031956169e-06
2024-01-24,0.01805227241052653,0.9819197595489023,2.7968040188970398e-05
2024-01-25,0.9826694652875811,0.01725620497649732,7.432973692420539e-05
2024-01-29,0.007968976881543292,0.9903244817842536,0.0017065413332638822
2024-01-30,0.9923630956204241,0.00752014706046818,0.00011675731978354079
2024-01-31,0.004762088451676989,0.9951170543408262,0.0001208572089234046
2024-02-01,0.9955537209686189,0.0044303432983210005,1.593573274864425e-05
2024-02-02,0.003111355804838916,0.9968561555294837,3.2488667231004786e-05
2024-02-05,0.9968793541548056,0.0030826273225570667,3.801852117514271e-05
2024-02-06,0.0017789921847310463,0.9981589745281003,6.203328630469632e-05
2024-02-07,0.9982911100033027,0.00169248514348064,1.640485186616512e-05
2024-02-08,0.0010281542609052474,0.9989452035282315,2.664221212307067e-05
2024-02-09,0.9989597834068566,0.001017804369445429,2.2412222432835505e-05
2024-02-12,0.0007632573225540493,0.9992105103918862,2.6232284110893942e-05
2024-02-13,0.9991751466680723,0.000811796022239054,1.3057311489746098e-05
2024-02-14,0.0006716334336393913,0.9993149931235316,1.337344250470112e-05
2024-02-15,0.9992221086923073,0.0007742666178818604,3.624688676359387e-06
2024-02-16,0.0007341277413483231,0.9992649973424614,8.74916653030591e-07
2024-02-20,0.9991234752796498,0.000875747326006539,7.773937348251437e-07
2024-02-21,0.0008393936462977384,0.9991604602071531,1.4614710948980966e-07
2024-02-22,0.9990125043680229,0.000987421890708898,7.374285422641911e-08
2024-02-23,0.000907714187056931,0.9990922583877121,2.742518724444489e-08
2024-02-26,0.998962143640911,0.00103783793407365,1.8423856209034037e-08
2024-02-27,0.000949196567397025,0.9990508015174975,1.913970400626689e-09
2024-02-28,0.9989227869632521,0.001077141527339123,7.150997943888299e-08
2024-02-29,0.0009238901398019433,0.9990760716980231,3.816044797927161e-08
2024-03-01,0.9990316543765815,0.0009683294428192363,1.6180780292591958e-08
2024-03-04,0.0008350913295263336,0.9991648924295549,1.6239780304985463e-08
2024-03-05,0.9991205756555556,0.0008794070723326306,1.7271495557050637e-08
2024-03-06,0.00078579218519399,0.9992142033944449,4.421671026423171e-09
2024-03-07,0.9991047780110913,0.0008952111540173477,1.0834876918637219e-08
2024-03-11,0.0008289798677998641,0.9991710075635374,1.256899373661886e-08
2024-03-12,0.9989993652901686,0.0010006257172532989,8.994330113661993e-09
2024-03-13,0.0009388387454581244,0.9990608802242488,2.8102980208363867e-07
2024-03-14,0.9988491773508134,0.0011507730485954698,4.960127752290317e-08
2024-03-15,0.0010725143203154724,0.9989274439746637,4.170344220530653e-08
2024-03-18,0.9987897282820409,0.0012101208072915416,1.5090934335140294e-07
2024-03-19,0.0010993485111437903,0.9989004633569879,1.8813332147735686e-07
2024-03-20,0.9988139943703874,0.0011859228362852805,8.279372052028134e-08
2024-03-21,0.0010509060450131734,0.9989490819351574,1.2018515794533965e-08
2024-03-22,0.9989010761695427,0.0010987088536540822,2.1497810354902723e-07
2024-03-26,0.000914813481351198,0.9990850873748862,9.91450550667001e-08
2024-03-27,0.9989889061293428,0.0010109145728893444,1.7929690866415237e-07
2024-03-28,0.0009176476530463847,0.9990823282501732,2.4097780504574265e-08
2024-04-01,0.9989642960399965,0.001035691104313877,1.2857320505257947e-08
2024-04-02,0.0009528238239962615,0.9990471646578395,1.1519693704980001e-08
2024-04-03,0.9989574856718423,0.001042511100085224,3.229206364291383e-09
2024-04-04,0.0009079224562504406,0.9990920743095396,3.233380639299971e-09
2024-04-05,0.9990538932969414,0.0009461025639473306,4.1387810828219415e-09
2024-04-08,0.0007738350848281624,0.999226162240477,2.6736866941351413e-09
2024-04-09,0.9991394664737074,0.0008605307463628128,2.7808395116997955e-09
2024-04-10,0.0007444202227686732,0.9992555788608274,9.17664656661884e-10
2024-04-12,0.9991617469785525,0.0008382356523929102,1.7368710715360092e-08
2024-04-15,0.0006863126421946738,0.9993136279919121,5.936658236926512e-08
2024-04-16,0.9991714272564478,0.0008285576912313116,1.505149357252738e-08
2024-04-18,0.0008014045643878275,0.9991985935872952,1.8491423109431458e-09
2024-04-19,0.9988271236155953,0.0011728732702864903,3.1129694201000894e-09
2024-04-22,0.0011655398699542056,0.9988344599179261,2.1160436565340442e-10
2024-04-23,0.9980643314030669,0.0019356050461496674,6.354905705179182e-08
2024-04-24,0.001909771085296172,0.9980902267747979,2.1416348364324654e-09
2024-04-25,0.9977762162611007,0.002223776336015112,7.401678374369913e-09
2024-04-26,0.0021093331436317225,0.9978906621409586,4.715598750018733e-09
2024-04-29,0.9977139189919886,0.0022860709044685863,1.0104249319034922e-08
2024-04-30,0.002037120151115229,0.9979628717683737,8.081428624788403e-09
2024-05-02,0.9978019927787537,0.0021980033410516813,3.878383338347567e-09
2024-05-03,0.001989666353126679,0.9980102830414517,5.060583625559511e-08
2024-05-06,0.997798609753325,0.002201315614753257,7.463157995279501e-08
2024-05-07,0.002008215278561687,0.9979917512181264,3.3502568140423663e-08
2024-05-08,0.9977976536377834,0.002202252501246908,9.386107820766446e-08
2024-05-09,0.002009957641071518,0.9979895835526758,4.588069867385795e-07
2024-05-10,0.9977278358087769,0.002272131847773313,3.234467426599367e-08
2024-05-13,0.0022304570243152485,0.9977695137267438,2.925065961979011e-08
2024-05-14,0.9966200897107452,0.003379822780053177,8.751083087761004e-08
2024-05-15,0.0034282630883843744,0.9965717303598716,6.551539830945003e-09
2024-05-16,0.9956448489033859,0.004355128550873859,2.254726845349645e-08
2024-05-17,0.004356130961340576,0.9956438676747802,1.3622678070944612e-09
2024-05-21,0.9946903600263558,0.00530959111318255,4.886179242052149e-08
2024-05-22,0.005288392748273908,0.9947116047691079,2.4832499793143516e-09
2024-05-23,0.9935147766916513,0.00648518928851173,3.402115974477244e-08
2024-05-24,0.006224597140646343,0.9937753822131491,2.0645006340752033e-08
2024-05-27,0.9932746845310088,0.006725244495672703,7.097276050348668e-08
2024-05-28,0.0065797675375265305,0.9934202153442749,1.7117962267967958e-08
2024-05-29,0.9929163205591502,0.00708344057184922,2.388696768109207e-07
2024-05-30,0.006951819270439508,0.9930481359075428,4.482141876486122e-08
2024-05-31,0.9924270165514003,0.0074800044109892974,9.297903607335099e-05
2024-06-03,5.726510440410382e-06,0.9925860092026737,0.007408264286462399
2024-06-04,2.1532620599811254e-08,6.754821309612992e-06,0.9999932236471472
2024-06-05,3.248269639097978e-11,2.2100618039366946e-08,0.9999999778665372
2024-06-06,1.2970322609865658e-10,4.601891834888025e-09,0.9999999952669896
2024-06-07,2.7340968934256094e-10,3.6631715955656104e-09,0.9999999960637069
2024-06-10,1.8027881571349133e-09,2.3415487224143332e-08,0.9999999747815312
2024-06-11,1.3031025601674282e-08,1.1122806363379956e-08,0.999999975847459
2024-06-12,4.271409643144148e-08,8.342946579579343e-08,0.9999998738567308
2024-06-13,2.6347153763579417e-08,8.995034143255254e-08,0.9999998837011003
2024-06-14,4.906413554354396e-08,7.631679539846584e-08,0.9999998746207063
2024-06-18,1.5766056798880498e-09,1.2912159385620718e-07,0.9999998693019819
2024-06-19,1.8281250310597774e-09,3.797060416309859e-09,0.9999999943756848
2024-06-20,2.4437775923030842e-08,5.26874993128997e-08,0.9999999228748523
2024-06-21,2.3055764138480102e-08,6.908493581431741e-08,0.999999907860915
2024-06-24,1.5046193845463488e-08,6.471563820096221e-08,0.9999999202373179
2024-06-25,1.6713103270489912e-08,6.157215723160469e-08,0.9999999217143372
2024-06-26,5.216939860686545e-08,6.113211131814921e-08,0.9999998866987945
2024-06-27,2.5347694299634773e-05,2.669124284066339e-07,0.9999743853920385
2024-06-28,1.5775072544853134e-05,4.8236449577279515e-05,0.9999359884793254
2024-07-01,0.01997089398991958,2.3475491338195534e-05,0.9800056305171428
2024-07-02,0.003945931204115127,0.02792133678778467,0.9681327320065766
2024-07-03,0.9956387729971595,0.004112150592517683,0.000249076408994598
2024-07-04,0.0035930520909126236,0.996399338790235,7.6091191435711435e-06
2024-07-05,0.9963914101587097,0.003608233372901376,3.5646734164576606e-07
2024-07-08,0.0029820294658627526,0.9970178932364973,7.72980248420299e-08
2024-07-09,0.9969833636877404,0.0030166343475909827,1.966155014720023e-09
2024-07-10,0.002517353788968272,0.9974826243737818,2.183618334479863e-08
2024-07-11,0.9974983214690383,0.002501675335358561,3.1964142181706255e-09
2024-07-12,0.0020681117718444842,0.9979318293101265,5.891633564952494e-08
2024-07-15,0.9979020903232947,0.0020979084688017547,1.208510621319897e-09
2024-07-16,0.0017448866427051191,0.9982550933625632,1.9994813701806705e-08
2024-07-18,0.9982825380215432,0.001717459426635882,2.5518308525613434e-09
2024-07-19,0.001153906106702083,0.9988460446780583,4.9214674007011755e-08
2024-07-22,0.998841317856352,0.0011585271932666814,1.549495741597413e-07
2024-07-23,0.0009460579640803389,0.9990538948706958,4.716602866673522e-08
2024-07-24,0.9989187647320417,0.0010811087969065472,1.2647037213313758e-07
2024-07-25,0.0009760307969197199,0.999023935708692,3.3494215458336054e-08
2024-07-26,0.9988767415925052,0.0011231225585875894,1.358471420033005e-07
2024-07-29,0.0010674235478469434,0.9989325481976666,2.8253081243452725e-08
2024-07-30,0.9981571923331934,0.0018426137874579121,1.9388039820690387e-07
2024-07-31,0.001857993808713869,0.9981419871252557,1.9067729600762216e-08
2024-08-01,0.9977017758099456,0.002297222400122479,1.0017905883553687e-06
2024-08-02,0.0023482289224410445,0.9976498291124944,1.9419648707061295e-06
2024-08-05,0.9941531405552949,0.003088836445085037,0.002758022998816971
2024-08-06,0.003751047910964324,0.9946018333385079,0.001647118752297686
2024-08-07,0.9961688619757997,0.0038094090498793243,2.1728972736084826e-05
2024-08-08,0.003465235123196449,0.9965057246106334,2.904026578150884e-05
2024-08-09,0.9965326701757632,0.003465966127264374,1.3636979475701485e-06
2024-08-12,0.0031590885965630333,0.9968392110750733,1.7003292580323203e-06
2024-08-13,0.9967551019685205,0.0032254162177666095,1.9481812418205797e-05
2024-08-14,0.0028554959769868772,0.9971323793177548,1.2124705458211244e-05
2024-08-16,0.9971307346693504,0.0028673620867473728,1.9032423555588038e-06
2024-08-19,0.002402009568013459,0.9975931418450147,4.848588284676746e-06
2024-08-20,0.9976031606440596,0.002396705757067817,1.335979333848568e-07
2024-08-21,0.0019741363463785964,0.998025711000237,1.5265321436109787e-07
2024-08-22,0.9979927161570364,0.0020072560102076527,2.7833881936719173e-08
2024-08-23,0.0016801845208346735,0.9983196578759097,1.5760428051486228e-07
2024-08-26,0.9982556661580755,0.0017443059299556223,2.7913187182810737e-08
2024-08-27,0.0013832168191425286,0.9986167580562741,2.512507325804306e-08
2024-08-28,0.9985871307917462,0.0014128513476882078,1.7859487676578093e-08
2024-08-29,0.0008449317662536593,0.9991549700612318,9.817139752237104e-08
2024-08-30,0.9991807316892617,0.0008192650815222682,3.230015436208619e-09
2024-09-02,0.00048222743596907784,0.9995177339657143,3.8596761505233816e-08
2024-09-03,0.9994957476898308,0.0005042519798684852,3.289529205585201e-10
2024-09-04,0.0004276299594536026,0.9995723695913398,4.5060875534835904e-10
2024-09-05,0.9994747946167473,0.0005252049719210056,4.0961777739826315e-10
2024-09-06,0.0004903458897581864,0.9995096521661828,1.945649267610092e-09
2024-09-09,0.9993460298978027,0.0006539689979916835,1.1026415859214804e-09
2024-09-10,0.0006379213820392611,0.9993620785452545,7.358617058395371e-11
2024-09-11,0.9991981244025142,0.0008018751215395467,4.759193866492833e-10
2024-09-12,0.0007379258312333681,0.9992620740999276,6.84757892134338e-11
2024-09-13,0.9990788404626633,0.0009211590229750668,5.14610248199968e-10
2024-09-16,0.0009017615262371468,0.9990982384442907,3.017541397597629e-11
2024-09-17,0.9988296570754538,0.0011703424482961988,4.749875625399354e-10
2024-09-18,0.001104461921557117,0.9988955361482483,1.929026557843656e-09
2024-09-19,0.9987648498576707,0.0012351499623605622,1.817015638772835e-10
2024-09-20,0.0011614868541932931,0.9988385130672217,7.805804942829138e-11
2024-09-23,0.9986164009885482,0.001383598492894902,5.181208830713211e-10
2024-09-24,0.0012674309614963738,0.9987325689693782,6.976823729026479e-11
2024-09-25,0.9986276625866843,0.0013723373520421753,6.008501000688953e-11
2024-09-26,0.0012588491395837597,0.9987411508287072,3.032051850151416e-11
2024-09-27,0.9986445244319336,0.0013554739611886153,1.6053086328300002e-09
2024-09-30,0.001063355974745756,0.9989366105141007,3.350950397704945e-08
2024-10-01,0.9988907774261504,0.0011092215326598226,1.0406256264867813e-09
2024-10-03,0.000879657831972546,0.9991199932186615,3.4894831039247205e-07
2024-10-04,0.999003370081206,0.000996541960995574,8.795615705966035e-08
2024-10-07,0.0007781607364424788,0.9992217274416033,1.1182364707264181e-07
2024-10-08,0.9990937715664587,0.000906218102927294,1.033003560008446e-08
2024-10-09,0.0008041819079396134,0.9991957987291592,1.9362965929813088e-08
2024-10-10,0.9990820057485882,0.0009179534134307173,4.0838827262361335e-08
2024-10-11,0.0008820699663680628,0.9991179241383302,5.894021022688487e-09
2024-10-14,0.9988601526407184,0.0011398174743533945,2.9885429516215806e-08
2024-10-15,0.0011321543456204433,0.9988678331776751,1.2478479922323112e-08
2024-10-16,0.9984941929390552,0.0015057431222375822,6.394012517755442e-08
2024-10-17,0.001497982747003826,0.9985019948073441,2.244578654003969e-08
2024-10-18,0.9975030634909122,0.0024962337000729055,7.028079070371723e-07
2024-10-21,0.002713363722050725,0.9972866291976535,7.081238324731069e-09
2024-10-22,0.994732017645278,0.005263807106879938,4.175248879411164e-06
2024-10-23,0.005371020621668188,0.9946289209147064,5.846389058625742e-08
2024-10-24,0.9929138441223746,0.007085415065769429,7.4081303884648e-07
2024-10-25,0.007208395829258208,0.9927915259328034,7.8238106960277e-08
2024-10-28,0.989134435256907,0.010865065666021113,4.990758081459447e-07
2024-10-29,0.01115444600699748,0.9888455510215414,2.9700519576158117e-09
2024-10-30,0.9858432778775477,0.014154362550686929,2.359573081591205e-06
2024-10-31,0.014310929770771995,0.9856890441272566,2.6103312916962934e-08
2024-11-01,0.984321425531766,0.01567854694644682,2.752025906313995e-08
2024-11-04,0.015608280131913212,0.9843917006061477,1.9261456649722984e-08
2024-11-05,0.9822392058243116,0.017760757280398894,3.6894791642603766e-08
2024-11-06,0.01800134662671651,0.981998652294715,1.0780456281999373e-09
2024-11-07,0.9746578392746078,0.025340462689107515,1.6980380600678675e-06
2024-11-08,0.025632221051026555,0.9743675295708949,2.4937728380771105e-07
