,Strategy
2013-06-28,0.0041537515642619096
2013-07-01,0.0314557926384168
2013-07-02,-0.012334048397654533
2013-07-03,0.002673177906064861
2013-07-04,0.0169684842088591
2013-07-05,-0.0034399552807728995
2013-07-08,0.0031259281640066954
2013-07-09,0.007435572521428957
2013-07-10,0.0007589141339769638
2013-07-11,0.022055255792868544
2013-07-12,0.07010192038896113
2013-07-15,0.0077533320112346815
2013-07-16,-0.0032564756376350767
2013-07-17,0.0042289783978574635
2013-07-18,0.01165545141854913
2013-07-19,0.0062530744756125745
2013-07-22,0.006611421931372321
2013-07-23,0.019471798850033417
2013-07-24,0.0014725464629861986
2013-07-25,-0.017399672255816317
2013-07-26,-0.0004407057831264178
2013-07-29,-0.011504582706984708
2013-07-30,-0.0031226173655467394
2013-07-31,0.015677460203996015
2013-08-01,0.024683286548247033
2013-08-02,-0.006994514380979204
2013-08-05,0.0015321157475624379
2013-08-06,-0.012991479190030856
2013-08-07,-0.010907647811638785
2013-08-08,0.0039160205413242615
2013-08-12,-0.003908832164572181
2013-08-13,0.02071871327592609
2013-08-14,-0.0007395346458530999
2013-08-16,0.006610402331392426
2013-08-19,-0.0003308102336351666
2013-08-20,0.004086285374017065
2013-08-21,0.003857904281906724
2013-08-22,0.01470536346980193
2013-08-23,0.01860322843516216
2013-08-26,0.012464343107243831
2013-08-27,-0.04981734875676098
2013-08-28,0.016144061830207855
2013-08-29,0.0020196140565623775
2013-08-30,0.00022322847065212137
2013-09-02,0.0273558814622533
2013-09-03,-0.009378562875325144
2013-09-04,0.01567731246928806
2013-09-05,-0.019219132439298195
2013-09-06,0.004486002959801036
2013-09-10,0.023767747063629597
2013-09-11,-0.0020731398024615706
2013-09-12,-0.009465492355710484
2013-09-13,-0.0019465373258593063
2013-09-16,-0.00634434643644649
2013-09-17,-0.0029658185019667974
2013-09-18,-0.0009996606133629404
2013-09-19,0.015185430196528297
2013-09-20,-0.004380089110910771
2013-09-23,-0.006078196886792106
2013-09-24,-0.0007894950808039267
2013-09-25,-0.02074067129579891
2013-09-26,0.0004880850665996752
2013-09-27,0.0013973474894268837
2013-09-30,0.0011287113745699316
2013-10-01,-0.010733520819433911
2013-10-03,0.00389577367668566
2013-10-04,-0.00023703980477590692
2013-10-07,0.000958040130210244
2013-10-09,-0.010483838883014981
2013-10-10,0.003026799740317409
2013-10-11,-0.010738184427481553
2013-10-14,0.008073073901326468
2013-10-15,-0.006211854747722633
2013-10-17,-0.010543033574745007
2013-10-18,0.005995010688972109
2013-10-21,0.0033438069269862733
2013-10-22,0.007368717693880473
2013-10-23,-0.00278443048449987
2013-10-24,-0.002534918368416637
2013-10-25,0.003654227158367492
2013-10-28,0.0034969267502218703
2013-10-29,0.001938805615128758
2013-10-30,-0.0024640011723125435
2013-10-31,-0.0022336496816009084
2013-11-01,0.0020205100053030923
2013-11-05,-0.0016753328530705683
2013-11-06,0.004327823112281856
2013-11-07,0.007873308144989672
2013-11-08,0.0001587327118961235
2013-11-11,0.00038396096666566156
2013-11-12,0.006182023828551659
2013-11-13,-0.0007277362418580655
2013-11-14,0.003608104141165782
2013-11-18,0.007519169898461219
2013-11-19,-0.0028876706049465535
2013-11-20,-0.005988223230439108
2013-11-21,-0.008602528428835942
2013-11-22,0.0004917496352328174
2013-11-25,-0.0032645238125776177
2013-11-26,-0.0014906692268986542
2013-11-27,-0.0034938858933873653
2013-11-28,0.005300104942320815
2013-11-29,0.004066894810013025
2013-12-02,-0.002390438211916681
2013-12-03,0.0015227882840413264
2013-12-04,0.001518958548291961
2013-12-05,0.016196237777620633
2013-12-06,-0.004225337254233711
2013-12-09,0.012890479554407197
2013-12-10,3.862160641195862e-05
2013-12-11,-0.001562252068207064
2013-12-12,-0.0002709354584130431
2013-12-13,-0.007893526179663093
2013-12-16,-0.004370203689148795
2013-12-17,-0.005184553563422773
2013-12-18,0.007082170178772865
2013-12-19,-0.0034902352658005846
2013-12-20,0.009942402544747361
2013-12-23,-0.0055283662062433825
2013-12-24,-0.005793814148982066
2013-12-26,0.00546548974617437
2013-12-27,0.0004827409357326005
2013-12-30,-0.008863212789718886
2013-12-31,-0.002935392169733404
2014-01-02,-0.007432306400529055
2014-01-03,0.004998903716796426
2014-01-06,-0.008134909552964883
2014-01-07,-0.008387782880599305
2014-01-08,-0.004578096458206171
2014-01-09,0.0028704263205008513
2014-01-10,0.015926298928479094
2014-01-13,0.02329079201960909
2014-01-14,0.0030720541542794853
2014-01-15,0.007831508478248603
2014-01-16,-0.0015995003059402838
2014-01-17,-0.0031633598988714236
2014-01-20,0.00540587317784632
2014-01-21,0.004280725579433488
2014-01-22,0.0016083726901525484
2014-01-23,0.0051189670154526195
2014-01-24,-0.007999054269292519
2014-01-27,-0.020855129563361646
2014-01-28,-0.003412917482394362
2014-01-29,-0.007212109553082727
2014-01-30,-0.01536906391891718
2014-01-31,0.005505672990547559
2014-02-03,-0.0022826282994527214
2014-02-04,-0.00966926943379462
2014-02-05,0.0029176815378657017
2014-02-06,-0.002526997877080229
2014-02-07,0.0004124389556026186
2014-02-10,0.001048253243777941
2014-02-11,0.003239423393565769
2014-02-12,0.0005521248974969182
2014-02-13,-0.002048391868359686
2014-02-14,0.00841297243590838
2014-02-18,0.0053344893287462876
2014-02-19,0.009999659867624
2014-02-20,-0.005790808047318455
2014-02-21,0.0054814171005860834
2014-02-24,-0.00010990012659995906
2014-02-25,0.004538029110876012
2014-02-26,0.0033534462239695273
2014-02-28,0.0023498629603948087
2014-03-03,-0.0035863604895693
2014-03-04,0.00017655646480984962
2014-03-05,0.0030060659487744098
2014-03-06,0.0013764139730049914
2014-03-07,0.04348815122854747
2014-03-10,0.026494564934335055
2014-03-11,-0.010377495994652161
2014-03-12,0.0004520412151890024
2014-03-13,-0.07018630940571936
2014-03-14,0.006378379145205402
2014-03-18,-0.013532224845252482
2014-03-19,0.006210608855568954
2014-03-20,0.003287423274390642
2014-03-21,-0.018951864573263335
2014-03-24,-0.011442524784962447
2014-03-25,-0.024503236820253998
2014-03-26,-0.0017176669013621083
2014-03-27,0.009108703547878794
2014-03-28,0.00852787197424177
2014-03-31,0.013546013516520357
2014-04-01,0.004081221755264065
2014-04-02,0.014067618909749079
2014-04-03,0.007214340188950236
2014-04-04,-0.007495113783037559
2014-04-07,-0.005143510599990061
2014-04-09,0.018365353089384112
2014-04-10,-0.0026662991287512757
2014-04-11,-0.0013647755175053556
2014-04-15,-0.015531338655324892
2014-04-16,0.0022303625995430186
2014-04-17,-0.008062715502067936
2014-04-21,-0.0025277135654524366
2014-04-22,0.012508336660083347
2014-04-23,0.0060479192122863965
2014-04-25,-0.00726963474560315
2014-04-28,-0.0013335841518430835
2014-04-29,-0.01046506950212952
2014-04-30,0.006203485002300407
2014-05-02,-0.004700999815632637
2014-05-05,-0.0004503183744376402
2014-05-06,0.003942693691375402
2014-05-07,-0.020630171121172644
2014-05-08,-0.009973950663766858
2014-05-09,0.010052062890873174
2014-05-12,-0.0023317881060118135
2014-05-13,0.018956860529254067
2014-05-14,-0.01313135009408376
2014-05-15,0.01355654201053486
2014-05-16,-0.01975916783256011
2014-05-19,-0.011518204569148382
2014-05-20,-0.005261256826445195
2014-05-21,-0.004558574108975956
2014-05-22,-0.0069461946594651745
2014-05-23,-0.013148904206326823
2014-05-26,0.007740083614911292
2014-05-27,0.007922832076127529
2014-05-28,0.018781214516652784
2014-05-29,-0.013063511702332192
2014-05-30,-0.017601189303969773
2014-06-02,0.02739567204616182
2014-06-03,0.004923056022768874
2014-06-04,-0.007384354501775489
2014-06-05,-0.002756220466131871
2014-06-06,-0.00853629426584955
2014-06-09,-0.004104059321710814
2014-06-10,0.020236961149928488
2014-06-11,0.007266073350100119
2014-06-12,0.012281354500643894
2014-06-13,-0.01180557787143705
2014-06-16,0.002244137409254242
2014-06-17,0.011508860159671442
2014-06-18,-0.007197538396124894
2014-06-19,-0.004527113777507456
2014-06-20,-0.0023964224332833793
2014-06-23,0.0017925620994031757
2014-06-24,0.00478647579066621
2014-06-25,-0.002165538365116282
2014-06-26,-0.0073936125005028335
2014-06-27,-0.0012576413915182084
2014-06-30,0.0034134123191310226
2014-07-01,0.0026419838151961845
2014-07-02,0.010500181783596818
2014-07-03,-0.0012456773071471768
2014-07-04,0.012353383458439027
2014-07-07,-0.00429503862334059
2014-07-08,-0.006939915814016624
2014-07-09,-0.002623415567357776
2014-07-10,-0.004359060806710152
2014-07-11,-0.004034372034987799
2014-07-14,0.0063113877111961696
2014-07-15,0.010372065847142247
2014-07-16,0.009815882684128585
2014-07-17,-0.0042856556208600875
2014-07-18,0.0007086156058549125
2014-07-21,-0.005446616238378518
2014-07-22,0.013589074968550347
2014-07-23,-0.0038330254587204695
2014-07-24,0.006451555693760667
2014-07-25,-0.007267151787585852
2014-07-28,-0.006457877244785693
2014-07-30,0.010111491733393877
2014-07-31,-0.0051892955895404096
2014-08-01,-0.020169250464796985
2014-08-04,-0.0027245690286696535
2014-08-05,0.008030888076230314
2014-08-06,-0.011277137569771601
2014-08-07,0.001679370059051602
2014-08-08,-0.01715272929068618
2014-08-11,-0.003644756857594721
2014-08-12,0.016746143608788913
2014-08-13,0.005545452680672902
2014-08-14,0.0007220356357814651
2014-08-18,-0.009165857736802414
2014-08-19,-0.0021159688369378157
2014-08-20,0.0011942107397227265
2014-08-21,-0.0009888445310488373
2014-08-22,0.009206301924536073
2014-08-25,0.004671677889487093
2014-08-26,-0.00063161631222715
2014-08-27,0.001108600846673814
2014-08-28,-0.005489500554035771
2014-09-01,0.0001482479599332928
2014-09-02,0.0024586997805457005
2014-09-03,0.020931030752928417
2014-09-04,-0.004286453609124552
2014-09-05,0.003723523960128225
2014-09-08,0.008564171805977964
2014-09-09,-0.00756909620208501
2014-09-10,-0.011551082373754521
2014-09-11,0.002884144987109601
2014-09-12,-0.0031764288570157806
2014-09-15,-0.00380380728182191
2014-09-16,0.0013338265526954397
2014-09-17,0.012004344208239327
2014-09-18,-0.005747119845846365
2014-09-19,0.0006667395020477164
2014-09-22,-0.006783594653421797
2014-09-23,-0.005816050600550229
2014-09-24,0.00510136050310738
2014-09-25,0.006186974537241747
2014-09-26,-0.0014348554384336354
2014-09-29,0.009138282950840182
2014-09-30,-0.00016920706512241085
2014-10-01,0.0129651710979812
2014-10-07,-0.002029948862839041
2014-10-08,-0.023078090055980095
2014-10-09,-0.0004479904651689411
2014-10-10,0.032370064914528325
2014-10-13,0.006765403664879548
2014-10-14,-0.003002203550304575
2014-10-16,-0.002887102577395986
2014-10-17,0.00646061374650302
2014-10-20,-0.006709806445160974
2014-10-21,0.0016630954873280515
2014-10-22,-0.001801976504328036
2014-10-27,0.0034215136268692784
2014-10-28,-0.0018459129733551334
2014-10-29,-0.0035576326820662206
2014-10-30,0.00485872683970971
2014-10-31,0.014398127038948173
2014-11-03,-0.001071127665518168
2014-11-05,0.0019584176670882623
2014-11-07,-0.012421944593673118
2014-11-10,0.0049103315790850815
2014-11-11,0.0030513560035237896
2014-11-12,0.0036017870667372004
2014-11-13,0.003912449020166889
2014-11-14,0.013121180307308827
2014-11-17,-0.01018190712692581
2014-11-18,0.012246468345181095
2014-11-19,-0.005147938962463952
2014-11-20,-0.007654240783861282
2014-11-21,-0.003384198049415643
2014-11-24,0.010223130590084123
2014-11-25,-0.010958333066015718
2014-11-26,-0.002771243390658856
2014-11-27,0.0021184735238977915
2014-11-28,0.022271004952498775
2014-12-01,0.0005369054363798934
2014-12-02,0.0013490162274193591
2014-12-03,0.00396771180001735
2014-12-04,0.0060106314352690446
2014-12-05,-0.001136738146719141
2014-12-08,-0.010759478514465712
2014-12-09,-0.009696473414993394
2014-12-10,0.007706126909740221
2014-12-11,-0.0025676416629195086
2014-12-12,-0.004678063829357606
2014-12-15,0.003258911758774046
2014-12-16,-0.02413739911820105
2014-12-17,0.001614939133411361
2014-12-18,0.021101840316561322
2014-12-19,0.0067983350577577
2014-12-22,0.0002545194628499657
2014-12-23,-0.007486655543908009
2014-12-24,-0.0111648887513538
2014-12-26,0.006020309233624013
2014-12-29,0.001522778905535573
2014-12-30,0.002339008449096392
2014-12-31,0.0016888931275240873
2015-01-02,0.011037587325573452
2015-01-05,-0.004602550862372742
2015-01-06,-0.011190412835772087
2015-01-07,0.0025626739469782893
2015-01-08,0.002700496003086772
2015-01-09,0.027412060356392993
2015-01-12,0.010714991160468925
2015-01-13,-0.00684718255353145
2015-01-14,0.010192094599598385
2015-01-15,0.001409160500467628
2015-01-16,-0.004002627103673073
2015-01-19,-0.003995191350436518
2015-01-20,0.0055280308625691756
2015-01-21,0.01152307354739377
2015-01-22,-0.008798566094748375
2015-01-23,0.00478410526250491
2015-01-27,-0.008279943626402844
2015-01-28,0.0021286208973269067
2015-01-29,-0.006834076685602142
2015-01-30,-0.0009481535012665738
2015-02-02,-0.003689134343263088
2015-02-03,-0.004216997051836257
2015-02-04,-0.010974948627332759
2015-02-05,0.013432633374403827
2015-02-06,0.0001855190966266579
2015-02-09,0.004660364353249956
2015-02-10,0.00016772364665087997
2015-02-11,0.0016243244397279538
2015-02-12,-0.008549260084978005
2015-02-13,-0.0036912298103969885
2015-02-16,0.0027129727751612903
2015-02-18,0.004400797833432165
2015-02-19,-0.003199795058498423
2015-02-20,-0.01010963442964262
2015-02-23,-0.0053800192633794985
2015-02-24,-0.0019947005166488616
2015-02-25,0.0032796986673050135
2015-02-26,-0.0042218954430695566
2015-02-27,0.006985311383835825
2015-03-02,0.02029774674867951
2015-03-03,0.0014170415796858577
2015-03-04,-0.007897349817612923
2015-03-05,0.0016452037880616585
2015-03-09,-0.013942477703405249
2015-03-10,-0.0006534209411566116
2015-03-11,-0.0006519393258953433
2015-03-12,0.0064490767945306155
2015-03-13,-0.009250075006919658
2015-03-16,0.012013949053644042
2015-03-17,0.0066403968380419525
2015-03-18,-0.00021796793637167
2015-03-19,-0.008545859184892843
2015-03-20,0.006458376353235727
2015-03-23,-0.004976564032798457
2015-03-24,-0.007608582843704684
2015-03-25,-0.0008783697680832071
2015-03-26,-0.024433194564362316
2015-03-27,0.009591369102905183
2015-03-30,0.017924291946959423
2015-03-31,-0.009748395498874317
2015-04-01,0.01664226304881275
2015-04-06,-0.0008324601881702275
2015-04-07,-0.003917617406294606
2015-04-08,-0.0006649366797392995
2015-04-09,0.021402740662250834
2015-04-10,-0.006838582967937309
2015-04-13,-0.0014016182015856506
2015-04-16,-0.008070424877108191
2015-04-17,-0.012931873895868126
2015-04-20,-0.011899812040688646
2015-04-21,-0.0009697569675725432
2015-04-22,0.007974028054306127
2015-04-23,0.00020117013717679897
2015-04-24,-0.010148404316969192
2015-04-27,-0.007817498808372854
2015-04-28,0.015123913257095792
2015-04-29,-0.002291871500828846
2015-04-30,0.0016136274871981575
2015-05-04,0.007414371404565832
2015-05-05,-0.0013442356063799973
2015-05-06,-0.03030457583576603
2015-05-07,-0.019782301230749266
2015-05-08,0.03199889106946153
2015-05-11,0.008007458459172884
2015-05-12,-0.02029352785451042
2015-05-13,0.01842669538301038
2015-05-14,-0.0007792536418274725
2015-05-15,-0.001645479258093724
2015-05-18,0.01954698328053153
2015-05-19,-0.0009939587210485337
2015-05-20,0.015740877700760127
2015-05-21,-0.0019236016122768276
2015-05-22,0.0011337698532470214
2015-05-25,-0.00246986459999211
2015-05-26,0.000974360143484708
2015-05-27,0.008470678710491852
2015-05-28,-0.008664490080970835
2015-05-29,0.016599754711105044
2015-06-01,0.0011183752916220431
2015-06-02,-0.012646887744346655
2015-06-03,0.0040344914555435225
2015-06-04,0.002340357682802811
2015-06-05,-0.0053493102336214324
2015-06-08,-0.003814480993486096
2015-06-09,-0.0026294085205853827
2015-06-10,0.011423053790018602
2015-06-11,-0.009417546869433833
2015-06-12,-0.007483807934441888
2015-06-15,0.012019316227699936
2015-06-16,0.005944127941117436
2015-06-17,-0.0024158840966086123
2015-06-18,0.004152116379812195
2015-06-19,-0.00435743446298345
2015-06-22,0.01894111691292604
2015-06-23,-0.015150968510901967
2015-06-24,-0.0035046342207897276
2015-06-25,-0.003091209255296549
2015-06-26,0.009884675383749226
2015-06-29,-0.009936522989696082
2015-06-30,0.00457545910385898
2015-07-01,0.006982952629910319
2015-07-02,-0.002660461967579092
2015-07-03,0.0034696432415571403
2015-07-06,0.003964768857393512
2015-07-07,-0.0006335232520389678
2015-07-08,-0.007625730222626856
2015-07-09,0.001103999412986694
2015-07-10,0.007159189560551367
2015-07-13,0.004153518282885237
2015-07-14,-0.0018062746443554922
2015-07-15,0.0008590371237478075
2015-07-16,0.007557269384609999
2015-07-17,-0.0017124931817289561
2015-07-20,0.0019486285158818993
2015-07-21,-0.0072722672338074385
2015-07-22,0.006855923268970119
2015-07-23,-0.0031094237835661417
2015-07-24,-2.08266278179413e-05
2015-07-27,-0.010152570163200819
2015-07-28,0.005315112903932325
2015-07-29,-0.00011584557078993988
2015-07-30,0.001699366679606074
2015-07-31,0.0008478464998302448
2015-08-03,-0.012513897516159398
2015-08-04,-0.0069945389749630485
2015-08-05,0.00453069900221234
2015-08-06,0.0029392049327138987
2015-08-07,-0.00257757980599144
2015-08-10,0.0015668921173973107
2015-08-11,3.9034553383905485e-05
2015-08-12,-0.01896380314225881
2015-08-13,0.005678090179086028
2015-08-14,0.019265572402641654
2015-08-17,-0.008002654959342546
2015-08-18,-0.004039137426589755
2015-08-19,-0.003546279228753181
2015-08-20,-0.00565775377024656
2015-08-21,-0.010674066689817465
2015-08-24,-0.008320781474692538
2015-08-25,-0.0035563003842477812
2015-08-26,-0.017122967301393077
2015-08-27,0.007530546556379237
2015-08-28,0.017663082165635648
2015-08-31,-0.01014564640080926
2015-09-01,-0.003340535863949369
2015-09-02,0.0064964814305691135
2015-09-03,-6.14156906704044e-05
2015-09-04,-0.01564209728439043
2015-09-07,-0.009581918512422676
2015-09-08,3.204309717358605e-05
2015-09-09,0.019118246303805774
2015-09-10,-0.005130172634248603
2015-09-11,0.0064538938498379435
2015-09-14,0.005586224626828754
2015-09-15,-0.00033868760833821667
2015-09-16,0.0015091517620018223
2015-09-18,0.0017206182561369137
2015-09-21,0.002705374737949466
2015-09-22,-0.01879531589757983
2015-09-23,0.01597279412188545
2015-09-24,0.0018610080440905027
2015-09-28,-0.0042203564214683565
2015-09-29,0.00827659380625675
2015-09-30,0.020065899982969846
2015-10-01,0.005362675424624191
2015-10-05,0.004163399256784994
2015-10-06,-0.012897101122283877
2015-10-07,-0.010404626850426611
2015-10-08,-0.000520067999998728
2015-10-09,0.017478325016054962
2015-10-12,-0.021398830559532567
2015-10-13,-0.011748113622614853
2015-10-14,-0.0009191255196661166
2015-10-15,-0.00012789892247034294
2015-10-16,0.003897946381188978
2015-10-19,0.00874169295523804
2015-10-20,0.0070678879720938925
2015-10-21,0.006207138732829973
2015-10-23,0.005670954428393532
2015-10-26,0.0010984041550983036
2015-10-27,-0.0013398679662071846
2015-10-28,0.0018557862529381462
2015-10-29,-0.003967251797272579
2015-10-30,-0.001651108209911318
2015-11-02,-0.006873789395721424
2015-11-03,0.0007666425650099787
2015-11-04,-0.008007047775948592
2015-11-05,-0.000788862872683276
2015-11-06,0.009919986055952049
2015-11-09,-0.0068706868270124325
2015-11-10,-0.02571171744616749
2015-11-13,-0.001115357407308007
2015-11-16,-0.013943659588550462
2015-11-17,-6.518941098724999e-05
2015-11-18,-0.033996602821765476
2015-11-19,0.008929796526560972
2015-11-20,0.005886053941238748
2015-11-23,-0.002067633135510092
2015-11-24,-0.009112544292319141
2015-11-26,-0.0001733406653838537
2015-11-27,0.011949849217805267
2015-11-30,-0.0007051668536814661
2015-12-01,-0.0046550394352756425
2015-12-02,-0.002214764007392569
2015-12-03,-0.0021644622423445466
2015-12-04,-0.009125868782417449
2015-12-07,-0.01053398217941531
2015-12-08,-0.008888651310870806
2015-12-09,-0.0201658466614843
2015-12-10,0.02854705967174729
2015-12-11,0.0020763620889874468
2015-12-14,0.0017123169160897888
2015-12-15,0.01652856653273514
2015-12-16,0.0021386517160015034
2015-12-17,0.02407989040829238
2015-12-18,-0.013379700776316334
2015-12-21,0.00015297156563302925
2015-12-22,-0.003671924540047421
2015-12-23,0.0126839602737622
2015-12-24,-0.0024574503170136305
2015-12-28,0.0074717768602296526
2015-12-29,0.0037557491051005876
2015-12-30,-0.008147293103478401
2015-12-31,0.007631277696253875
2016-01-04,-0.014437201150716183
2016-01-05,-0.0028531502463747973
2016-01-06,0.007247784777834887
2016-01-07,-0.0110915131263955
2016-01-08,0.0065948540653763005
2016-01-11,-0.003989287957517091
2016-01-12,-0.010154090343214281
2016-01-13,0.015106837546688914
2016-01-14,-0.0021853770285636853
2016-01-15,-0.005368234663064402
2016-01-18,-0.014333404922767905
2016-01-19,0.00922680657800722
2016-01-20,-0.016644182485901528
2016-01-21,0.005859520897222297
2016-01-22,0.006009952604710894
2016-01-25,0.009176934952864148
2016-01-27,-0.004418293199910419
2016-01-28,-0.00432330533891534
2016-01-29,0.019288827918527165
2016-02-01,0.009051600309322666
2016-02-02,-0.004549438761252125
2016-02-03,-0.010137244022108938
2016-02-04,0.013248741722481888
2016-02-05,-0.002977502145037174
2016-02-08,-0.014152866449351832
2016-02-09,-0.02608294506617549
2016-02-10,0.0005652768951510376
2016-02-11,-0.01876257172839176
2016-02-12,0.003869487169876223
2016-02-15,0.0045535976304439795
2016-02-16,-0.008028519132488827
2016-02-17,0.012054177636144659
2016-02-18,0.016189123766818143
2016-02-19,0.0023838829768132322
2016-02-22,-0.00037016723125074335
2016-02-23,-0.0016977910982148288
2016-02-24,0.0008972946963522971
2016-02-25,-0.009303018519530054
2016-02-26,0.006797741219349708
2016-02-29,-0.02301882798810882
2016-03-01,0.026565894090931064
2016-03-02,0.01888252690646722
2016-03-03,0.008003259556076328
2016-03-04,0.002293540012500551
2016-03-08,-0.0005543074675839598
2016-03-09,-0.0018862806804176857
2016-03-10,-0.01938621019057697
2016-03-11,0.011110572704173753
2016-03-14,-0.003063928767694149
2016-03-15,-0.016593152640591212
2016-03-16,0.005394363652997414
2016-03-17,0.015613061575889868
2016-03-18,0.0049582989886146666
2016-03-21,-0.003710906844135401
2016-03-22,-0.001858377965648946
2016-03-23,-0.002060220983995954
2016-03-28,-0.013410968568957465
2016-03-29,-0.00010878878182924711
2016-03-30,0.01149625177489373
2016-03-31,0.003086693571362662
2016-04-01,-0.002490009520269729
2016-04-04,0.009030537692488634
2016-04-05,-0.014443267086168962
2016-04-06,-0.0018349425330863307
2016-04-07,-0.010200453036765353
2016-04-08,-0.008503957069766548
2016-04-11,0.009932026898905053
2016-04-12,-0.0009160987102454676
2016-04-13,-0.005126019250350765
2016-04-18,0.03590225914113111
2016-04-20,0.002523395708650375
2016-04-21,-0.008874032480743543
2016-04-22,-0.007829207908719597
2016-04-25,0.0024228334429338624
2016-04-26,0.008552040774743076
2016-04-27,0.004141772311899302
2016-04-28,-0.015946012249616295
2016-04-29,-0.0005540085570168975
2016-05-02,-0.0037224682124471155
2016-05-03,-0.012349036546015907
2016-05-04,0.0059848964291574335
2016-05-05,0.0019317018115797761
2016-05-06,-0.005857770923908664
2016-05-09,0.009475578847673855
2016-05-10,0.0073152711503624065
2016-05-11,-0.004813288551026867
2016-05-12,0.008171096625076488
2016-05-13,-0.006446828720487548
2016-05-16,0.01734229066622189
2016-05-17,-0.007264992859447418
2016-05-18,-0.010025712525172424
2016-05-19,-0.0010690954758028844
2016-05-20,0.0012687917150176506
2016-05-23,-0.0032862640069308935
2016-05-24,0.0025430647163751825
2016-05-25,0.026431226585698034
2016-05-26,0.007661592686222059
2016-05-27,0.0027106093731133728
2016-05-30,-0.005366702595354164
2016-05-31,0.0016463577161758044
2016-06-01,-0.005159723570805198
2016-06-02,-0.00015369684192878143
2016-06-03,-0.002460690706646821
2016-06-06,-0.000501117707640102
2016-06-07,0.0020057880834654434
2016-06-08,-0.00854428939764204
2016-06-09,-0.022620624195944034
2016-06-10,-0.0029836249681337254
2016-06-13,0.0001834053832892092
2016-06-14,-0.0036066361495752145
2016-06-15,0.009184742362058664
2016-06-16,-0.0023962227550487197
2016-06-17,-0.003956459951185055
2016-06-20,0.017901824979210515
2016-06-21,-0.0015827054513809008
2016-06-22,-0.003950272470556571
2016-06-23,0.007282030775049638
2016-06-24,-0.01015865545196818
2016-06-27,-0.017132157237224936
2016-06-28,-0.004363907028240779
2016-06-29,0.011022734195182316
2016-06-30,-0.0037108260147270264
2016-07-01,0.000986398387036566
2016-07-04,0.0071116878775089746
2016-07-05,-0.005182554233416761
2016-07-07,-0.011177187403806957
2016-07-08,0.000592477678624532
2016-07-11,0.012178674350464195
2016-07-12,0.0040690070559936614
2016-07-13,0.011108205734717293
2016-07-14,-0.008997904007745037
2016-07-15,0.006138931309185013
2016-07-18,0.00738557820820579
2016-07-19,0.0038944893478951403
2016-07-20,-0.002985086672052894
2016-07-21,-0.0024895786474305468
2016-07-22,-0.005813934116603072
2016-07-25,0.006600918506724184
2016-07-26,0.006120337170940332
2016-07-27,-0.002593137844574519
2016-07-28,-0.0060950242849265165
2016-07-29,-0.002854870865100934
2016-08-01,0.00894653286628656
2016-08-02,-0.0011258637489344509
2016-08-03,0.0008550532854763661
2016-08-04,-0.010175521622294717
2016-08-05,-0.002987818582244713
2016-08-08,0.008442907176025917
2016-08-09,0.0011915823158568394
2016-08-10,0.010831042698583085
2016-08-11,0.00880773489782614
2016-08-16,-0.006633557438824837
2016-08-17,-0.009574269534675413
2016-08-18,0.007008193832154976
2016-08-19,-0.0026173399344656934
2016-08-22,-0.004807693982705211
2016-08-23,-0.0011705646048355777
2016-08-24,0.001821327077008117
2016-08-25,-0.006465588630746452
2016-08-26,0.004012928035382292
2016-08-29,0.02431883277266181
2016-08-30,-0.0006332167545812433
2016-08-31,-0.005076831058510819
2016-09-01,-0.012977078313017053
2016-09-02,-0.013027570194066107
2016-09-06,0.00737851421456414
2016-09-07,-0.0018662528818854402
2016-09-08,-0.0004378484943913162
2016-09-09,0.0091272808102645
2016-09-12,0.014766924273884256
2016-09-14,-0.005033059417598024
2016-09-15,0.004928721785494822
2016-09-16,0.008791431235627072
2016-09-19,-0.0036571445305665653
2016-09-20,-0.0008122159572384441
2016-09-21,0.0021769348157689174
2016-09-22,0.006626519823858465
2016-09-23,0.00273555521321606
2016-09-26,-0.0077714295817939046
2016-09-27,0.0009036347800627985
2016-09-28,0.0017957783376381154
2016-09-29,-0.01145566050403211
2016-09-30,-0.0022437510379404056
2016-10-03,0.006949431382005706
2016-10-04,0.0011253069259776899
2016-10-05,-0.001649104216420733
2016-10-06,-0.001989067483680953
2016-10-07,-0.0006490667199648748
2016-10-10,0.0018050044128183572
2016-10-13,-0.011547518976144576
2016-10-14,0.0031498489376157912
2016-10-17,-0.012063877717610362
2016-10-18,0.014744812549881574
2016-10-19,0.004421165305533462
2016-10-20,0.00014060883650989395
2016-10-21,-0.016419221449304227
2016-10-24,-0.0006468792798107389
2016-10-25,-0.0017620810212763585
2016-10-26,-0.00490192972463001
2016-10-27,-0.003881617568312928
2016-10-28,0.004557707966346744
2016-11-01,-0.002863411476818311
2016-11-02,-0.01982811596431545
2016-11-03,0.0001493440978778352
2016-11-04,-0.013742227178664185
2016-11-07,-0.0033462558323385434
2016-11-08,0.0017949777452323963
2016-11-09,0.0008384189280739288
2016-11-10,0.00441523354056637
2016-11-11,-0.006547016919534114
2016-11-15,-0.012481777595825222
2016-11-16,-0.0074489538481510706
2016-11-17,-0.010219813561036717
2016-11-18,-0.013734192920189344
2016-11-21,-0.009421823711237676
2016-11-22,-0.00048756301632818175
2016-11-23,-0.009977107931089925
2016-11-24,-0.014602459241911435
2016-11-25,0.018352277949718682
2016-11-28,-0.0036650792248583033
2016-11-29,-0.004324871493243044
2016-11-30,0.015896797354960718
2016-12-01,-0.001760578533732748
2016-12-02,-0.0061179807099477745
2016-12-05,0.0054796364740705315
2016-12-06,-0.0014271851137863647
2016-12-07,-0.009668660422251703
2016-12-08,0.013614693384439566
2016-12-09,-0.0008991064191717282
2016-12-12,-0.010387504554419768
2016-12-13,0.0013657962158494291
2016-12-14,-0.007992811736477118
2016-12-15,0.002480267525909751
2016-12-16,0.002682928233939266
2016-12-19,0.0034357492531283773
2016-12-20,-0.0029435825530198362
2016-12-21,0.0034016132075225403
2016-12-22,-0.006262838963157257
2016-12-23,0.002522321909667257
2016-12-26,-0.006266276240886348
2016-12-27,0.011077065626878031
2016-12-28,-0.009476179248200727
2016-12-29,0.01009215417337393
2016-12-30,0.010700499366691507
2017-01-02,0.0016778870853227485
2017-01-03,0.002665378108634858
2017-01-04,-0.013737552585230498
2017-01-05,0.0064605019039147725
2017-01-06,-0.0015295613797460103
2017-01-09,0.0017207134709198565
2017-01-10,0.007583138002083342
2017-01-11,-0.002345275427099393
2017-01-12,-0.0017030837911281363
2017-01-13,0.0017635640514103226
2017-01-16,-0.010828377084687394
2017-01-17,-0.027136019392772746
2017-01-18,-0.00697188805404054
2017-01-19,0.0009293702157135914
2017-01-20,-0.006377105149534286
2017-01-23,-0.008053163638464991
2017-01-24,0.009363657918098746
2017-01-25,-0.008122515066928125
2017-01-27,0.006397889853574582
2017-01-30,0.016035701345121122
2017-01-31,0.00031944975357800617
2017-02-01,0.003552685258030183
2017-02-02,-0.00488901161948586
2017-02-03,-0.007876416984659624
2017-02-06,0.006458080873011855
2017-02-07,-0.00861145226123134
2017-02-08,-0.004654175584585568
2017-02-09,0.006186112010146523
2017-02-10,-0.002100819382948693
2017-02-13,-0.00024293813472944036
2017-02-14,0.00045838760848685464
2017-02-15,0.00039021597917175596
2017-02-16,0.004443017125111037
2017-02-17,0.006149715584780654
2017-02-20,0.0239859422201201
2017-02-21,0.00976713434258215
2017-02-22,-0.011939794621983382
2017-02-23,-0.016819695576829496
2017-02-27,-0.0005175466325000452
2017-02-28,-0.0005630819497494353
2017-03-01,0.0011490123929916295
2017-03-02,0.0014956711952274766
2017-03-03,-0.0023149708684564894
2017-03-06,0.030514577571435778
2017-03-07,0.004067792390121115
2017-03-08,-0.008646314919216233
2017-03-09,0.001480420063367363
2017-03-10,-0.0032523243579421876
2017-03-14,0.00780227331390057
2017-03-15,0.009831972015112867
2017-03-16,0.000545798894618519
2017-03-17,0.006048974801793094
2017-03-20,-0.009920770510129878
2017-03-21,-0.008606959883640384
2017-03-22,-0.0021035273388137835
2017-03-23,0.007000643896218941
2017-03-24,0.006849555842880388
2017-03-27,-0.017965306026581175
2017-03-28,-0.0027728755128561314
2017-03-29,0.005673741484906956
2017-03-30,0.007224031287257635
2017-03-31,0.025643772386739348
2017-04-03,0.02638642223670933
2017-04-05,0.01903372289581011
2017-04-06,0.010769218883792427
2017-04-07,-0.014379815394796675
2017-04-10,-0.011640190394910748
2017-04-11,-0.004224832619092131
2017-04-12,-0.008670581803841854
2017-04-13,0.005172313534647745
2017-04-17,0.012851948019448762
2017-04-18,-0.010086413038616392
2017-04-19,-0.0006565130651805082
2017-04-20,0.00035209352277095076
2017-04-21,0.015457822049377753
2017-04-24,0.0068257702718485126
2017-04-25,0.006980781542574467
2017-04-26,-0.0073317971985692905
2017-04-27,-0.0031524514628166653
2017-04-28,-0.006518381387246219
2017-05-02,-0.011351448402361578
2017-05-03,-0.00021088189526735572
2017-05-04,-0.005697770541941065
2017-05-05,-0.014051961795126036
2017-05-08,0.0017312563916153793
2017-05-09,0.004351898130229589
2017-05-10,0.010662584865852406
2017-05-11,0.00021272435393709975
2017-05-12,0.003463640004659261
2017-05-15,-0.00302107042453022
2017-05-16,0.004104812136718276
2017-05-17,-0.0015158294589101059
2017-05-18,-3.269523375172081e-05
2017-05-19,0.002779198706843799
2017-05-22,0.0026675845465101143
2017-05-23,-0.004565327793761581
2017-05-24,-0.001906975271532181
2017-05-25,0.0335440482520663
2017-05-26,0.00920744766941008
2017-05-29,0.003783628055131019
2017-05-30,0.00818958426229973
2017-05-31,0.004576791727330405
2017-06-01,0.00690464697905694
2017-06-02,0.0036178313676583002
2017-06-05,-0.008058810737492796
2017-06-06,0.0021677371007867803
2017-06-07,-0.013456910320314222
2017-06-08,0.002510321370410064
2017-06-09,-0.005992515520568442
2017-06-12,0.0012199310155722636
2017-06-13,-0.004582899166530215
2017-06-14,-0.00342044991803432
2017-06-15,-0.004950709336228657
2017-06-16,0.0030699908789448126
2017-06-19,0.016921794735347266
2017-06-20,-0.0044799384425504955
2017-06-21,0.008604230438958292
2017-06-22,-0.0004922243122106785
2017-06-23,-0.013610792999399206
2017-06-27,-0.007826418503217466
2017-06-28,-0.0008594433128741745
2017-06-29,0.005483297583405903
2017-06-30,-0.00789991450262751
2017-07-03,0.004735159701930354
2017-07-04,-0.0037805153370278417
2017-07-05,-0.0033230138297348716
2017-07-06,0.006809443886337639
2017-07-07,0.006518725814272527
2017-07-10,0.006555116077177834
2017-07-12,0.0006039071706583963
2017-07-13,0.0016339810111759717
2017-07-14,-0.0025539162981215112
2017-07-17,0.0017063833658554793
2017-07-18,0.0008517887513480704
2017-07-19,0.006207511484774215
2017-07-20,-0.001494942343894523
2017-07-21,0.0014516116438341548
2017-07-24,0.005431000442861716
2017-07-25,0.0032884355203916015
2017-07-26,0.004919998754654931
2017-07-27,0.008205643627718775
2017-07-28,-0.0035853774984907576
2017-07-31,0.009476813432754905
2017-08-01,0.0006134916929434682
2017-08-02,-0.002164155111367098
2017-08-03,-0.01220290188729564
2017-08-04,0.0049674000218987895
2017-08-07,0.0025559908560951316
2017-08-08,-0.009908825831323978
2017-08-09,-0.007353132315074356
2017-08-10,-0.005188717232360471
2017-08-11,-0.0076916547238777815
2017-08-14,0.0043590893397034485
2017-08-16,0.010737328028371292
2017-08-17,0.017624100470735593
2017-08-18,0.004159489943833805
2017-08-21,-0.005597419791403526
2017-08-22,0.002388646451126995
2017-08-23,0.01596373160312856
2017-08-24,-0.00615144915043878
2017-08-28,-0.0001555692687804817
2017-08-29,-0.010011364456643385
2017-08-30,0.014057228747273338
2017-08-31,0.004894893678371302
2017-09-01,-0.005459049953923367
2017-09-04,-0.010353092407070696
2017-09-05,0.0027850725668828223
2017-09-06,0.0028404769500624187
2017-09-07,0.004140607759469646
2017-09-08,0.013088651925783054
2017-09-11,0.02188379818396422
2017-09-12,0.007121747578648743
2017-09-13,0.0039707927937712
2017-09-14,-0.0014576212719599941
2017-09-15,0.005689185589740427
2017-09-18,0.0068158548014445415
2017-09-19,-0.006331817707580321
2017-09-20,0.005329907249322918
2017-09-21,-0.006591985501116088
2017-09-22,-0.02025369588290692
2017-09-25,0.0036122933226966237
2017-09-26,-0.0012558131177177873
2017-09-27,-0.018175705129617054
2017-09-28,-0.011307022709345494
2017-09-29,-0.005021061113621142
2017-10-03,0.015899160621806022
2017-10-04,0.018269743136759595
2017-10-05,0.0046052044804824055
2017-10-06,0.011136879270351679
2017-10-09,-0.005440135131589946
2017-10-10,0.01074976459447989
2017-10-11,-0.0025735813561625367
2017-10-12,0.027608157061617882
2017-10-13,0.0030162634979727953
2017-10-16,0.0002841783937736365
2017-10-17,-0.0019880621209015497
2017-10-18,0.03267203175580471
2017-10-19,-0.0035789313872744474
2017-10-23,0.00842503803854429
2017-10-24,-0.003980635885066034
2017-10-25,-0.04030394126637543
2017-10-26,0.005427300905869835
2017-10-27,-0.0025030178094767462
2017-10-30,0.009252925189670051
2017-10-31,-0.003742876644125709
2017-11-01,0.008457932552030437
2017-11-02,0.0005165876220309931
2017-11-03,-0.0009340121436282958
2017-11-06,-0.0011988919333013731
2017-11-07,-0.018817779784385903
2017-11-08,0.0012896236460785485
2017-11-09,0.009729448154893017
2017-11-10,-0.0033451539986854503
2017-11-13,-0.006617945281182061
2017-11-14,-0.006454657467677089
2017-11-15,-0.0023011494987669485
2017-11-17,0.010320581047819964
2017-11-20,0.006675316479631421
2017-11-21,0.004605597427190695
2017-11-22,0.0060934852160213215
2017-11-23,0.01246643395712565
2017-11-24,0.0030913763113543558
2017-11-27,0.0001877587308222351
2017-11-28,-0.0060044702224560055
2017-11-29,0.0020058085774561627
2017-11-30,-0.005005178933270397
2017-12-01,-0.0037089240040227844
2017-12-04,0.020635841661666033
2017-12-05,-0.0093031573077057
2017-12-06,0.004504534711003017
2017-12-07,0.00440181995807476
2017-12-08,0.0015281701589645376
2017-12-11,0.004075265977444842
2017-12-12,0.0038547897667274428
2017-12-13,0.000995772190608979
2017-12-14,0.006941937347702333
2017-12-15,0.02407439285022739
2017-12-18,-0.004590051403356864
2017-12-19,0.003692147680477431
2017-12-20,0.00883307075936258
2017-12-21,8.400917492912852e-05
2017-12-22,0.0055676850276090315
2017-12-26,-0.004626699470365981
2017-12-27,-0.004439537122349415
2017-12-28,0.012000631326473554
2017-12-29,-0.002325534109102025
2018-01-02,-2.798821576933255e-05
2018-01-03,0.00273323761042419
2018-01-04,0.004093725591527288
2018-01-05,0.0021870585768720106
2018-01-08,-0.00168384545578741
2018-01-09,0.009111445305481218
2018-01-10,0.00028060134976159816
2018-01-11,-0.0033304779217646
2018-01-12,-0.0040502203955537965
2018-01-15,0.00010783397431779926
2018-01-16,0.001322965388980176
2018-01-17,0.0011458538091607404
2018-01-18,0.024236545672974938
2018-01-19,0.008605564797248198
2018-01-22,0.005974889430669498
2018-01-23,-0.007671768810131874
2018-01-24,-0.012713486362787572
2018-01-25,-0.0003443630542593897
2018-01-29,-0.0010722445863796904
2018-01-30,-0.010813353184251948
2018-01-31,0.008483369540395021
2018-02-01,-0.013427138693637196
2018-02-02,-0.030955588212599954
2018-02-05,-0.0017994000187497076
2018-02-06,-0.008240134719992348
2018-02-07,0.0019071113962159112
2018-02-08,0.00839421024528097
2018-02-09,-0.0029014232003484936
2018-02-12,0.015243825473931981
2018-02-14,0.016499943611462693
2018-02-15,0.0068870238057003276
2018-02-16,-0.008688773066695736
2018-02-19,0.003505494026235548
2018-02-20,-0.005643336138196727
2018-02-21,0.003626870777831813
2018-02-22,-0.004261467205316701
2018-02-23,0.008098264707401479
2018-02-26,-0.011593496387173932
2018-02-27,0.008005762507595727
2018-02-28,0.015303541996067692
2018-03-01,-0.007941055663394326
2018-03-05,-0.0032834232668265398
2018-03-06,-0.0030933811566332195
2018-03-07,-0.004948160546056775
2018-03-08,0.008620048256658215
2018-03-09,0.004585714866522568
2018-03-12,0.015096301154815646
2018-03-13,-0.0012922025483574353
2018-03-14,-0.0019915149981003717
2018-03-15,0.0011312593756630052
2018-03-16,-0.0070438651636948344
2018-03-19,-0.016864531337689743
2018-03-20,0.012197582255242811
2018-03-21,0.0019905552906898686
2018-03-22,-0.004173049924310001
2018-03-23,0.004263072826657056
2018-03-26,-0.00831179738704296
2018-03-27,0.0033822085195093447
2018-03-28,-0.014806969796629266
2018-04-02,0.02988975757748924
2018-04-03,0.003880958369129537
2018-04-04,-0.021302202702238593
2018-04-05,0.024687068739968954
2018-04-06,0.009495084437979862
2018-04-09,0.010170861565844957
2018-04-10,-0.011732642498650248
2018-04-11,0.006015982204393333
2018-04-12,0.006481788349194939
2018-04-13,0.005325102593231423
2018-04-16,0.011103898914431032
2018-04-17,-0.0020969952425026516
2018-04-18,-0.010200195086010194
2018-04-19,0.005805060160681063
2018-04-20,0.010894884834369012
2018-04-23,0.005373350762941396
2018-04-24,-0.0004843900226364495
2018-04-25,-0.00048042034797502565
2018-04-26,0.006182472968758179
2018-04-27,-0.003752316568563417
2018-04-30,-0.02267016737745893
2018-05-02,-0.00200459251104651
2018-05-03,-0.0016694334793537768
2018-05-04,0.003704740841176113
2018-05-07,0.007319968822021017
2018-05-08,-0.005530812064321461
2018-05-09,0.002541495652088055
2018-05-10,0.013063403366263271
2018-05-11,0.0014883366402584919
2018-05-14,0.0001553091418735053
2018-05-15,-0.0045478345537394715
2018-05-16,-0.017879036838013285
2018-05-17,-0.004879097509569025
2018-05-18,0.00648559761858597
2018-05-21,-0.010037120655729662
2018-05-22,-0.0033804440881402696
2018-05-23,-0.01190275604501599
2018-05-24,0.0027009847353337475
2018-05-25,0.012085812595761941
2018-05-28,-0.00029737981781249954
2018-05-29,0.013056181398444777
2018-05-30,0.0013202281555969246
2018-05-31,0.019854335299895717
2018-06-01,0.003058150066553431
2018-06-04,-0.00139411024769979
2018-06-05,0.007827238648355222
2018-06-06,0.004207257993400737
2018-06-07,0.0135356210283938
2018-06-08,0.00773888370485899
2018-06-11,-0.002303193536610244
2018-06-12,0.010877516418090687
2018-06-13,0.0020055230816198727
2018-06-14,0.0048218450471135
2018-06-15,0.003296085318833122
2018-06-18,-0.0006223591627829968
2018-06-19,-0.013188724621956301
2018-06-20,0.02176100279842632
2018-06-21,0.00920497428105586
2018-06-22,-0.009749310011255726
2018-06-25,-0.004023919668145318
2018-06-26,-0.01849627401520234
2018-06-27,0.007342115542127159
2018-06-28,-0.016824028810669318
2018-06-29,0.02262655735938887
2018-07-02,-0.009474330566388349
2018-07-03,0.008660370140249273
2018-07-04,0.015048760860097743
2018-07-05,-0.02010278708939778
2018-07-06,0.010519715414500235
2018-07-09,0.01554907949397593
2018-07-10,0.022300794575677945
2018-07-11,0.00992996342800211
2018-07-12,0.032595007481019726
2018-07-13,0.012535011577645229
2018-07-16,-0.01668373988812611
2018-07-17,0.011667411281969782
2018-07-18,0.0001423870986488905
2018-07-19,0.008752981065916135
2018-07-20,0.016748307638854095
2018-07-23,-0.005752084078185459
2018-07-24,-0.0064889398380953605
2018-07-25,0.0029393466348848706
2018-07-26,-0.0030821073549394196
2018-07-27,0.013203518112750116
2018-07-30,0.014567694688044353
2018-07-31,0.02295162169134482
2018-08-01,0.004089231646652672
2018-08-02,-0.015373295309587908
2018-08-03,0.005621978922708893
2018-08-06,0.010155923308998586
2018-08-07,-0.005379590384549456
2018-08-08,0.021606553648531916
2018-08-09,0.00015651145183110583
2018-08-10,-0.00862237568507248
2018-08-13,-0.010465322977185915
2018-08-14,0.014726484505496127
2018-08-16,-0.006183129079330549
2018-08-17,0.0018764597083494718
2018-08-20,0.019764443604514372
2018-08-21,0.007607577964528117
2018-08-23,0.013625681193281792
2018-08-24,0.004843174944069265
2018-08-27,0.008370124189917309
2018-08-28,0.011802874548149378
2018-08-29,-0.012875282916375052
2018-08-30,-0.006338819737554539
2018-08-31,-0.01762387226685279
2018-09-03,0.007139714215453977
2018-09-04,0.007130975725254331
2018-09-05,-0.0030812607784930965
2018-09-06,0.019198271178691856
2018-09-07,0.0024592254065427814
2018-09-10,-0.01218416974669858
2018-09-11,-0.021212712320635325
2018-09-12,0.008188519471903187
2018-09-14,0.009374486052321216
2018-09-17,-0.019579549360347167
2018-09-18,-0.0016000645244311205
2018-09-19,0.0015702429174821453
2018-09-21,-0.004568435723771441
2018-09-24,-0.0024637224012097336
2018-09-25,0.00018284221872694184
2018-09-26,-0.0023539345308221105
2018-09-27,-0.0021980120921846757
2018-09-28,0.005232762534522247
2018-10-01,-0.015911335879878762
2018-10-03,0.016525691299075333
2018-10-04,-0.05242196928055
2018-10-05,0.00454154550158881
2018-10-08,0.04401949321640192
2018-10-09,-0.003077483547486285
2018-10-10,0.008429156383595824
2018-10-11,-0.004770942793631278
2018-10-12,0.027162296384283347
2018-10-15,0.016262550041375244
2018-10-16,0.016089623753071366
2018-10-17,-0.004822499231173724
2018-10-19,-0.03311504402571814
2018-10-22,0.006183315403269799
2018-10-23,-0.005704517382941246
2018-10-24,-0.0004512627403885319
2018-10-25,-0.010900812780780075
2018-10-26,0.00021042170876449474
2018-10-29,0.03130595283820438
2018-10-30,-0.00692425497735558
2018-10-31,-0.0006534065814596535
2018-11-01,-0.004120494411774987
2018-11-02,0.024350196416484116
2018-11-05,0.01253004095324038
2018-11-06,-0.006039086703377994
2018-11-07,0.0052278413378552225
2018-11-09,-0.00801217852463329
2018-11-12,-0.01075770560836639
2018-11-13,0.004359662111302343
2018-11-14,-0.001193193292993932
2018-11-15,0.011109670158831186
2018-11-16,0.024359125040638856
2018-11-19,0.005987093608108007
2018-11-20,-0.009582318584150241
2018-11-21,0.003913179437222969
2018-11-22,-0.007897891887223795
2018-11-26,0.027611606935999677
2018-11-27,0.014540165594360473
2018-11-28,0.01529184520979665
2018-11-29,0.012026174955751236
2018-11-30,-0.001525073938450916
2018-12-03,-0.007162477981250078
2018-12-04,0.012929355447901525
2018-12-05,0.0018632471614036471
2018-12-06,0.011159251471104525
2018-12-07,0.00680529939450435
2018-12-10,0.026088456378387248
2018-12-11,0.00504439438294779
2018-12-12,-0.006054370198634446
2018-12-13,-0.0023405807060730677
2018-12-14,-0.0029983058308820365
2018-12-17,0.011989645599563076
2018-12-18,-0.0047175547985667254
2018-12-19,0.00026515773027632685
2018-12-20,0.0004986526779904299
2018-12-21,-0.018860597759793006
2018-12-24,0.006513149374575977
2018-12-26,0.006363770995659594
2018-12-27,0.0026799353782616664
2018-12-28,0.003598119299366123
2018-12-31,-0.005728330457578645
2019-01-02,-0.009977889661292046
2019-01-03,0.008042186532137008
2019-01-04,0.010272680414774644
2019-01-07,-0.003246681686581987
2019-01-08,0.007942094949462212
2019-01-09,0.0076338982261128785
2019-01-10,-0.0078936225027912
2019-01-11,-0.0019682317238677027
2019-01-14,-0.00815896493382005
2019-01-15,0.0004805871780308446
2019-01-16,0.004259083879816575
2019-01-17,0.004331614891661395
2019-01-18,0.00556500618821343
2019-01-21,-0.0028579768988980236
2019-01-22,-0.0023682666741407584
2019-01-23,0.00019586725405584815
2019-01-24,0.003879194123456948
2019-01-25,0.0036293435108411543
2019-01-28,-0.020580381673941425
2019-01-29,0.007957376870305621
2019-01-30,0.007718250378892671
2019-01-31,0.0048099618973904135
2019-02-01,0.0050684613947843404
2019-02-04,0.022908770247365897
2019-02-05,0.00466846023172936
2019-02-06,0.010124483081038636
2019-02-07,-0.002732058298829515
2019-02-08,-0.00688221159038847
2019-02-11,0.008600963240073211
2019-02-12,0.0017575789654065098
2019-02-14,-0.009833104250795924
2019-02-15,0.011566861060593833
2019-02-18,-0.005495628752141065
2019-02-19,-0.002292496601410703
2019-02-20,0.012521871248649534
2019-02-21,0.007109581388880018
2019-02-22,-0.012409442022594445
2019-02-25,-2.850472337122909e-05
2019-02-26,-0.007452955451385255
2019-02-27,0.001862370415773827
2019-02-28,-0.0075453578981687225
2019-03-01,-0.0028400731564975777
2019-03-05,0.01224241819923029
2019-03-06,-0.001219931290187679
2019-03-07,0.003138843789770069
2019-03-08,-0.0018064625303536618
2019-03-11,0.021271482193016573
2019-03-12,0.015221800608953373
2019-03-13,0.00872706007591095
2019-03-14,-0.003108793652847691
2019-03-15,-0.010805667733170191
2019-03-18,0.015653479713105798
2019-03-19,0.014298822504083568
2019-03-20,-0.0005821661039331554
2019-03-22,-0.017848085167823463
2019-03-25,-0.009392528760464522
2019-03-26,0.023540461060548423
2019-03-27,-0.00959023596079605
2019-03-28,0.005803842887059966
2019-04-01,0.017060111258063768
2019-04-02,-0.0011253847736992838
2019-04-03,-0.007600726217094634
2019-04-04,-0.011733130502874167
2019-04-05,0.0004576386111474546
2019-04-08,0.007619255311778927
2019-04-09,0.0036989427653687083
2019-04-10,-0.007558428100347243
2019-04-11,0.010936401925394088
2019-04-12,0.004947871962159948
2019-04-15,-0.002076839385301852
2019-04-16,-0.0034009173842752703
2019-04-18,0.029693302190239423
2019-04-22,0.004059489172554869
2019-04-23,0.01300170440214191
2019-04-24,0.00824439006701568
2019-04-25,-0.011636120647801437
2019-04-26,0.00943907568931246
2019-04-30,-4.392925686496325e-24
2019-05-02,-0.019903235933550555
2019-05-03,0.002557187076472485
2019-05-06,-0.005229587497641203
2019-05-07,-0.02826488793448969
2019-05-08,-0.005222730198424935
2019-05-09,-0.03128772967952204
2019-05-10,-0.004238747508347772
2019-05-13,-0.016380197602148955
2019-05-14,0.00038256762227212304
2019-05-15,-0.0006554063826327838
2019-05-16,0.010433266272858177
2019-05-17,0.027833140761271413
2019-05-20,0.05558326461427815
2019-05-21,-0.01472334081324661
2019-05-23,-0.004819559628754244
2019-05-24,0.022110030358344912
2019-05-27,0.01742491226884524
2019-05-28,0.004074531781644575
2019-05-29,-0.011960811196137094
2019-05-30,0.01171426150034599
2019-05-31,-0.006409084471004078
2019-06-03,0.016363673582424076
2019-06-04,-0.002551062750760086
2019-06-06,-0.014756593974491056
2019-06-07,0.008472476241082882
2019-06-10,-0.0038046785984445497
2019-06-11,0.009322435086976943
2019-06-12,-0.010900148971489387
2019-06-13,0.00036502101174660606
2019-06-14,-0.005323271829947499
2019-06-17,-0.012108778025214883
2019-06-18,-0.002242487981638712
2019-06-19,0.0052507052740557334
2019-06-20,0.006159099392603901
2019-06-21,-0.005725582614489289
2019-06-24,0.0017759201768038756
2019-06-25,0.00508360565999274
2019-06-26,0.018455139661852537
2019-06-27,-0.0025946054585135507
2019-06-28,-0.005710348824946599
2019-07-01,0.009155021911839914
2019-07-02,-0.0030795605112789665
2019-07-03,0.00230738768576377
2019-07-04,0.0031011605087657833
2019-07-05,-0.011714567822772314
2019-07-08,-0.030106454757585888
2019-07-09,0.01631845276821764
2019-07-10,-0.0016727559555108945
2019-07-11,0.001537889578306576
2019-07-12,-0.0005710824810990763
2019-07-15,0.007707410648374047
2019-07-16,0.00923212958301126
2019-07-17,-0.0024552513140203847
2019-07-18,-0.010876543553014045
2019-07-19,0.00892211037987617
2019-07-22,0.017581336908544572
2019-07-23,-0.0037837119874343473
2019-07-24,-0.007909692975994888
2019-07-25,-0.015280760153025574
2019-07-26,-0.006121230929065635
2019-07-29,-0.0016367926125771422
2019-07-30,0.004911256267262354
2019-07-31,-0.008648156183725712
2019-08-01,-0.008195660566415325
2019-08-02,0.006620513319632282
2019-08-05,0.028022074007077735
2019-08-06,-0.009176025372716261
2019-08-07,0.01865031864240363
2019-08-08,0.026988451576882014
2019-08-09,0.004638868225547155
2019-08-13,0.0755252498511172
2019-08-14,0.010705325147783967
2019-08-16,0.008213171575465852
2019-08-19,0.00015923193181624143
2019-08-20,-0.008405992542354015
2019-08-21,0.006805499809171934
2019-08-22,-0.02874458457126471
2019-08-23,0.0043767435416190905
2019-08-26,0.042840771724461615
2019-08-27,-0.015643209703345276
2019-08-28,-0.01331313395463612
2019-08-29,0.001338516704910246
2019-08-30,0.005225881378242322
2019-09-03,-0.002807872955100418
2019-09-04,0.012998693676736988
2019-09-05,0.00959194389362653
2019-09-06,0.014184291294960832
2019-09-09,-0.009033488741016038
2019-09-11,0.011486337755772118
2019-09-12,-0.0007250943445639593
2019-09-13,0.011720652559042578
2019-09-16,-0.011842173355665437
2019-09-17,0.004285654627290969
2019-09-18,0.003446004543573183
2019-09-19,-0.012134047862735198
2019-09-20,0.09830579972967138
2019-09-23,0.048976761246895935
2019-09-24,-0.0027807608003866894
2019-09-25,-0.018793327046122438
2019-09-26,0.017425481536666298
2019-09-27,-0.0012882435913944472
2019-09-30,-0.0018548440758431317
2019-10-01,-0.01841201124744189
2019-10-03,0.027324221285989214
2019-10-04,-0.023699431551980513
2019-10-07,-0.0013747844767711404
2019-10-09,0.03844388875601392
2019-10-10,0.003910566686021466
2019-10-11,-0.0011658879564521436
2019-10-14,0.0031563910899168324
2019-10-15,0.014023020711449617
2019-10-16,-0.007019099349112046
2019-10-17,0.011914067556671916
2019-10-18,-0.000906325821169035
2019-10-22,-0.001234010246370525
2019-10-23,-0.012219410007395721
2019-10-24,0.025134297510351535
2019-10-25,-0.002903611882925187
2019-10-29,0.019900949523985138
2019-10-30,0.006525680422868891
2019-10-31,-0.007922767237454723
2019-11-01,-0.004042072278814898
2019-11-04,0.00040891549286609867
2019-11-05,-0.0056411124830057675
2019-11-06,-0.006806913177066015
2019-11-07,0.013122444577837998
2019-11-08,-0.007135492361634023
2019-11-11,-0.009728418216453724
2019-11-13,0.02476159140749048
2019-11-14,-0.005153395877937629
2019-11-15,0.004399529346895812
2019-11-18,-0.006292815874539832
2019-11-19,0.027522706299069565
2019-11-20,0.01139832674297113
2019-11-21,0.0017812502285937733
2019-11-22,0.0026281581530516163
2019-11-25,0.004090859351370187
2019-11-26,-0.0003779104397919039
2019-11-27,0.0037617471222011283
2019-11-28,0.003022491603873576
2019-11-29,-0.0017970887407692511
2019-12-02,0.010347553621418601
2019-12-03,0.0018207587707242904
2019-12-04,-0.007534400268257849
2019-12-05,0.0026475308298276098
2019-12-06,0.0011857326044077251
2019-12-09,0.0007803652852312676
2019-12-10,-0.0030749556203315404
2019-12-11,0.0037989324298160917
2019-12-12,0.0016855561427705074
2019-12-13,0.005692726471643003
2019-12-16,-0.004675584746755357
2019-12-17,0.011753882602099641
2019-12-18,0.0038208412258537005
2019-12-19,-0.0032641111416286013
2019-12-20,0.007283884810776233
2019-12-23,0.005223363739699158
2019-12-24,-0.012088963907986153
2019-12-26,-0.017236943331736112
2019-12-27,0.004255555961780586
2019-12-30,0.006663902140518804
2019-12-31,-0.009314343517315834
2020-01-02,0.007574476249282543
2020-01-03,-0.0169459621793837
2020-01-06,-0.02571635140571014
2020-01-07,0.01881622167525166
2020-01-08,-0.0031106400524129707
2020-01-09,0.013326021569875869
2020-01-10,0.010561258311732026
2020-01-13,0.0030571655694696625
2020-01-14,0.0032341421902872254
2020-01-15,-0.0048380456947382505
2020-01-16,0.0031460125354875056
2020-01-17,0.02569791324660876
2020-01-20,-0.02821625290030726
2020-01-21,0.0004662461414857599
2020-01-22,0.004540131082922445
2020-01-23,-0.0019538316282548375
2020-01-24,-0.0008887865944680089
2020-01-27,-0.0045439142058334514
2020-01-28,-7.37295092527377e-05
2020-01-29,0.0025367347115015527
2020-01-30,-0.005060357337035681
2020-01-31,-0.010248030665002109
2020-02-03,-0.0049265407752143355
2020-02-04,0.01360642799236478
2020-02-05,-0.0019088206511011488
2020-02-06,0.002959372576172395
2020-02-07,0.003467472493491057
2020-02-10,0.0006268679988370529
2020-02-11,0.00018638201554772575
2020-02-12,0.0055681997486312805
2020-02-13,0.006441757296700871
2020-02-14,0.004205494376416269
2020-02-17,0.001717271114041901
2020-02-18,-0.0033831238844698195
2020-02-19,0.01929621505454584
2020-02-20,-0.00923336716372747
2020-02-24,-0.006381957241647002
2020-02-25,-0.015369950333713677
2020-02-26,-0.0010103071342415179
2020-02-27,-0.0032132605161148344
2020-02-28,-0.0215331359045157
2020-03-02,-0.007318458395053484
2020-03-03,0.002238612734617837
2020-03-04,-0.0018247704759278532
2020-03-05,0.002559151076167664
2020-03-06,-0.023820637219148264
2020-03-09,-0.028991159706995784
2020-03-11,0.02750878205077742
2020-03-12,-0.09844917203342786
2020-03-13,0.030954821706286335
2020-03-16,-0.07815678147170019
2020-03-17,-0.00589712330703666
2020-03-18,-0.11908618844998305
2020-03-19,-0.04080226224239399
2020-03-20,-0.016490467315538083
2020-03-23,-0.008215210264300719
2020-03-24,0.05250746279278384
2020-03-25,0.11455385879468728
2020-03-26,-0.011588325032056037
2020-03-27,-0.00011820411865460919
2020-03-30,-0.02531146411241157
2020-03-31,0.06253401507898908
2020-04-01,-0.02323768466773394
2020-04-03,-0.0020423119931249445
2020-04-07,0.09300892825099041
2020-04-08,-0.008967529277913115
2020-04-09,0.018331966183981595
2020-04-13,-0.019290499622777204
2020-04-15,-0.025658598631825274
2020-04-16,0.012416871289769232
2020-04-17,0.03709098327297973
2020-04-20,0.012400712676340292
2020-04-21,-0.003934133782532342
2020-04-22,0.07942946189730905
2020-04-23,0.004161974662451382
2020-04-24,0.02615782411034188
2020-04-27,0.0019914407405517837
2020-04-28,6.5781748086781855e-06
2020-04-29,-2.0431312888800943e-05
2020-04-30,0.00012433309952213686
2020-05-04,-7.82236808955628e-05
2020-05-05,8.430699033966944e-06
2020-05-06,-9.828775990785705e-06
2020-05-07,0.00011403312577815575
2020-05-08,0.00017629487091447342
2020-05-11,2.0652446518066318e-05
2020-05-12,-0.0002522040469156927
2020-05-13,7.257402288513754e-05
2020-05-14,-0.00013778537170719022
2020-05-15,8.505948559205799e-05
2020-05-18,-1.1598263580446765e-05
2020-05-19,-0.00015572844673255334
2020-05-20,0.00010165896797213853
2020-05-21,-3.27160522876195e-06
2020-05-22,-1.5474683747479257e-05
2020-05-26,-4.6909763947066286e-05
2020-05-27,3.1360328212686736e-05
2020-05-28,0.003992873595126252
2020-05-29,-0.0028239259743971213
2020-06-01,0.008314662159892234
2020-06-02,0.0020666347228420322
2020-06-03,0.00036689401822206805
2020-06-04,0.00506972527670442
2020-06-05,0.0008178573555853176
2020-06-08,-0.002410154372040888
2020-06-09,-0.0037856640262285885
2020-06-10,0.005072127895153932
2020-06-11,-0.0038138544840100115
2020-06-12,0.0070500022370929795
2020-06-15,0.0028210015644589874
2020-06-16,0.0010542388446041534
2020-06-17,-0.000594402576691714
2020-06-18,0.005525939724233313
2020-06-19,0.012922743527811765
2020-06-22,-0.0007729922475394776
2020-06-23,-0.0031240226308340753
2020-06-24,0.0015359577578301282
2020-06-25,-0.0017596222499235423
2020-06-26,0.02621621502764943
2020-06-29,5.967501300982876e-06
2020-06-30,-0.0015477827182319764
2020-07-01,0.0027729947163304047
2020-07-02,0.0023908180518178077
2020-07-03,0.0021955676908493728
2020-07-06,0.005019567963544445
2020-07-07,-0.0021439215930417993
2020-07-08,-0.0019389110746525409
2020-07-09,0.0020603172463834387
2020-07-10,0.004135589500072499
2020-07-13,0.0042588581988352615
2020-07-14,-0.0013105804486791494
2020-07-15,-0.00534225656180396
2020-07-16,-4.9044968274438866e-05
2020-07-17,0.0051930315672065125
2020-07-20,0.0006085936877396491
2020-07-21,0.0037829537993198754
2020-07-22,0.0023314792444688493
2020-07-23,0.0037892703554120947
2020-07-24,0.0060408113208798245
2020-07-27,0.008254185447651836
2020-07-28,-1.553428417405339e-05
2020-07-29,-0.0053967532337571775
2020-07-30,0.0008473451896998333
2020-07-31,-0.0028604189541181703
2020-08-03,-0.004083458275704495
2020-08-04,0.01025103915241122
2020-08-05,-0.0015933085372869102
2020-08-06,0.0005354629197922299
2020-08-07,0.0008500986810809005
2020-08-10,-0.0018262560117426557
2020-08-11,0.0009227540687662659
2020-08-12,-0.0004745055853877452
2020-08-13,-0.0003691488387290291
2020-08-14,-0.0005546178015661565
2020-08-17,-0.0015503750787722247
2020-08-18,0.0019298333001818702
2020-08-19,0.0008787777403486734
2020-08-20,-0.0023930076526333254
2020-08-21,-0.001052954758605718
2020-08-24,0.000963860100640416
2020-08-25,-0.0029844664696832956
2020-08-26,0.006418128566206571
2020-08-27,-0.0011989963169413815
2020-08-28,0.0006377763495912063
2020-08-31,-0.00406296687470179
2020-09-01,0.0007695253276090715
2020-09-02,0.003275782896519951
2020-09-03,-0.0018643619790544652
2020-09-04,-0.005329386828272743
2020-09-07,0.0006316702436937965
2020-09-08,0.004683284513673635
2020-09-09,0.006246471833812992
2020-09-10,0.004030610233897582
2020-09-11,0.0005994697553068352
2020-09-14,0.010512181055483402
2020-09-15,0.0017448965428366176
2020-09-16,0.005972363922609369
2020-09-17,-0.0027118213242447084
2020-09-18,-0.0026612408760711107
2020-09-21,-0.005257425404796939
2020-09-22,-0.000722498500766341
2020-09-23,0.003929983825465799
2020-09-24,-0.0035291499898018816
2020-09-25,0.001491852156879005
2020-09-28,0.0010305908855318333
2020-09-29,0.002080748833041592
2020-09-30,-0.0007504687627592699
2020-10-01,-0.0006452028025889085
2020-10-05,-0.000921866623711346
2020-10-06,-0.00011606529681913624
2020-10-07,0.0033398699464787297
2020-10-08,-0.00127301665420619
2020-10-09,-0.0003936735875736997
2020-10-12,0.0002684421876593155
2020-10-13,0.0030744818706006103
2020-10-14,0.00044947374191386675
2020-10-15,-0.005578483767374601
2020-10-16,-0.0021871297026210493
2020-10-19,3.009039786117065e-05
2020-10-20,-0.0014739297676055957
2020-10-21,-0.0022766915598398216
2020-10-22,-0.0013100516063196351
2020-10-23,0.004327615141126232
2020-10-26,-0.023168734188613788
2020-10-27,0.02108100252216874
2020-10-28,-0.02191360179186856
2020-10-29,-0.021294043506204556
2020-10-30,-0.0035350624151633324
2020-11-02,0.030797672587539623
2020-11-03,0.030940848338951922
2020-11-04,0.00870728128285511
2020-11-05,0.010790840522826438
2020-11-06,0.03483493042650098
2020-11-09,0.02893030155641902
2020-11-10,0.04554689139467549
2020-11-11,-0.0030527557491304195
2020-11-12,-0.015097678679567753
2020-11-13,-0.010813756474729493
2020-11-17,0.04201556986224939
2020-11-18,0.00020422636910910448
2020-11-19,-0.02803863596121916
2020-11-20,0.02451408801042837
2020-11-23,-0.007413715505540022
2020-11-24,-1.5661293788897725e-05
2020-11-25,-0.004480277304401269
2020-11-26,-0.00044654613406149956
2020-11-27,-0.0024843089680147822
2020-12-01,0.00716829139340427
2020-12-02,0.0005872030926980541
2020-12-03,-0.0026367712522713696
2020-12-04,0.0015217364131687326
2020-12-07,0.0016164187960002756
2020-12-08,0.0018295379143357588
2020-12-09,0.003953756972828508
2020-12-10,-0.0013512418705538837
2020-12-11,-0.0008117978846496364
2020-12-14,0.0002353597344656
2020-12-15,-0.0017738689115593682
2020-12-16,0.002035138318501551
2020-12-17,-0.001149572704006076
2020-12-18,0.0055227509031550775
2020-12-21,-0.002176343958832077
2020-12-22,0.007651189348164773
2020-12-23,0.005570970889007386
2020-12-24,-0.005421476025941289
2020-12-28,0.006328005321561673
2020-12-29,0.00580209531355885
2020-12-30,-0.0003033752161382889
2020-12-31,-0.00035767988989690054
2021-01-04,0.0002675535511186834
2021-01-05,0.0066063892797346155
2021-01-06,0.0008137683759523325
2021-01-07,0.001645370966892187
2021-01-08,0.002204010653252799
2021-01-11,-0.000313157378383521
2021-01-12,0.004189541657322615
2021-01-13,0.0030691096182699673
2021-01-14,-0.0009073363729296575
2021-01-15,-0.003616487043852666
2021-01-18,-0.005820465228216662
2021-01-19,0.007743494316150041
2021-01-20,0.0017670635831311548
2021-01-21,-0.00433201508688116
2021-01-25,0.00017571605906005304
2021-01-27,-0.011969834144915453
2021-01-28,-0.005855035752238475
2021-01-29,-0.008946954149198504
2021-02-01,0.005392734923757713
2021-02-02,0.002522851630007314
2021-02-03,0.0032198633777865988
2021-02-04,-0.0012680134703326857
2021-02-05,-0.0017550754971617046
2021-02-08,0.007598609396518142
2021-02-09,0.0005137906464122209
2021-02-10,-0.002130590773075425
2021-02-11,-0.0009118527966319507
2021-02-12,0.004077792348028318
2021-02-16,-0.004501632378629256
2021-02-18,0.002674643114535445
2021-02-19,-0.00030138892575174337
2021-02-22,-0.006212360632205216
2021-02-23,0.000297483038107548
2021-02-24,0.001929556330850088
2021-02-25,3.8192238304283265e-05
2021-02-26,-0.005125886679872826
2021-03-01,0.0033597278388712358
2021-03-02,0.025311136958162207
2021-03-03,0.025599834238053138
2021-03-04,-0.008402176267480514
2021-03-05,-0.008774531310127624
2021-03-08,0.012373038867258478
2021-03-09,0.006274066302839598
2021-03-10,0.014363714882052202
2021-03-12,0.004187870186292029
2021-03-15,-0.0007775662551147396
2021-03-16,0.006474910747518852
2021-03-17,0.0018535642797679413
2021-03-18,-0.030766503827528314
2021-03-19,0.004700799091503682
2021-03-22,0.016760735433045633
2021-03-23,0.000467918139085914
2021-03-24,-0.01109861353134737
2021-03-25,-0.012602385322912977
2021-03-26,0.0015385363755117804
2021-03-30,0.03142464827899774
2021-03-31,-0.010648953833044364
2021-04-01,0.010720472559866422
2021-04-05,0.014720658102190934
2021-04-06,0.0006732493429968798
2021-04-07,0.011203647395351833
2021-04-08,0.00557015898760293
2021-04-09,0.0006881847350741449
2021-04-12,-0.020507593857500016
2021-04-13,-0.006990824525180069
2021-04-15,-0.02150765102331731
2021-04-16,-0.004246813948369094
2021-04-19,0.005366451325230008
2021-04-20,-0.006785908989584683
2021-04-22,-0.00015281773634557425
2021-04-23,-0.010570099414950554
2021-04-26,0.006034532979205309
2021-04-27,0.0030413800260291122
2021-04-28,0.004591334590926645
2021-04-29,0.00021307609549432117
2021-04-30,-0.0012172755617377723
2021-05-03,-0.0014018115298031068
2021-05-04,-0.013829700213072097
2021-05-06,0.012369199718706462
2021-05-07,-0.0016964110828774001
2021-05-10,-0.0024780370275735777
2021-05-12,-0.0007118127519376014
2021-05-14,-0.002064617273630976
2021-05-17,0.0025815177303803957
2021-05-18,0.002083275272984322
2021-05-19,-0.0005896736667838579
2021-05-21,0.0029447379381700085
2021-05-24,-0.0012326787211248658
2021-05-26,0.006819940241034408
2021-05-27,0.0009125707337710973
2021-05-28,0.0005072338016445246
2021-06-01,-0.0012037923852658817
2021-06-02,-0.0016136273116996874
2021-06-03,0.002064847751284558
2021-06-04,-0.0007700321652393194
2021-06-07,0.00075823798444594
2021-06-08,0.00435484153697902
2021-06-09,0.0004367172495883587
2021-06-10,0.0016394681366005332
2021-06-11,0.004130842974154935
2021-06-14,0.0032635086541113515
2021-06-15,0.0023268489359907487
2021-06-16,-0.003882412310399772
2021-06-17,0.0027397201405300804
2021-06-18,0.0010267128936091478
2021-06-21,-0.0005613304432981206
2021-06-22,-0.0011693019917028303
2021-06-23,-0.0016118123847656959
2021-06-24,-0.005348375713523923
2021-06-25,0.0027061825512136608
2021-06-28,-0.0019943671320865335
2021-06-29,-0.00157021839682074
2021-06-30,0.0024896958461097145
2021-07-01,-0.0035983273197832313
2021-07-02,0.0033721959651647356
2021-07-06,-0.0029522228568267155
2021-07-07,-0.001579141679608911
2021-07-08,-0.0006899015798437664
2021-07-09,-0.0023263664143317116
2021-07-12,-0.0027107886844488505
2021-07-13,0.0017027791652800036
2021-07-14,0.005379556012332905
2021-07-15,0.000663619542804481
2021-07-16,-0.004173674010657817
2021-07-19,-0.002310581809463783
2021-07-20,0.001411269136217902
2021-07-22,0.006704253160486735
2021-07-23,4.464828060130694e-05
2021-07-26,0.0021992178975231776
2021-07-27,-0.00022174280515515395
2021-07-28,0.0004956301824512522
2021-07-29,0.001863804162245176
2021-07-30,-0.001029244857446087
2021-08-02,0.003371138177595401
2021-08-03,0.003762246152244144
2021-08-04,-0.0009306565302045876
2021-08-05,0.0006791813338583577
2021-08-06,-0.0005425700243382616
2021-08-09,0.002003059447835829
2021-08-10,0.0021696223834390444
2021-08-11,4.9091527615773555e-05
2021-08-12,0.001885240337816709
2021-08-13,0.002893790852078844
2021-08-16,-0.0009717424452947361
2021-08-17,0.004754625957355771
2021-08-18,-0.0010276002597285475
2021-08-20,-6.56148064469696e-05
2021-08-23,0.0007270094312425316
2021-08-24,-0.002220726635284957
2021-08-25,0.0018427681771522124
2021-08-26,-0.0009922199075614894
2021-08-27,-0.002366110629311483
2021-08-30,-0.001354605396942853
2021-08-31,0.0010619466934079947
2021-09-01,-0.0036426338881188247
2021-09-02,0.0014699604566442163
2021-09-03,0.0014809877146692984
2021-09-06,0.0038040198445871984
2021-09-07,-0.0029804550885291744
2021-09-08,-0.0017099675281225103
2021-09-09,-0.00021582682341321816
2021-09-13,3.469267925689979e-05
2021-09-14,-0.0007355160717439787
2021-09-15,0.010531799619092442
2021-09-16,-0.003773121059542426
2021-09-17,-0.004515141609192259
2021-09-20,-0.0014318772122378983
2021-09-21,0.012725372405503439
2021-09-22,-0.0006330720180511939
2021-09-23,0.010486357186597645
2021-09-24,0.00857973597320065
2021-09-27,-0.016992108994273083
2021-09-28,-0.013886098184774189
2021-09-29,0.0021427180826958147
2021-09-30,-0.0070720055582116715
2021-10-01,-0.004210918308143764
2021-10-04,0.005732737466146527
2021-10-05,0.005874433338798784
2021-10-06,-0.007981828673139138
2021-10-07,0.007318749099430592
2021-10-08,0.01363542709195174
2021-10-11,-0.013396034148291878
2021-10-12,-0.00240741864850163
2021-10-13,0.010017377844834325
2021-10-14,0.0004446536625632084
2021-10-18,0.012057747809682811
2021-10-19,0.001969036028492986
2021-10-20,-0.002960376379496556
2021-10-21,-0.006342150578432918
2021-10-22,-0.005234289358666631
2021-10-25,-0.002142100492011149
2021-10-26,0.0017943361488608168
2021-10-27,-0.0027801057295232085
2021-10-28,-0.003918992891207486
2021-10-29,-0.005274980775407674
2021-11-01,0.0052454429374044756
2021-11-02,-0.003205334225995125
2021-11-03,0.0007127499308306803
2021-11-04,0.00134994453838856
2021-11-08,0.00458677504736454
2021-11-09,0.0017354748667143918
2021-11-10,-0.00035838897327972945
2021-11-11,0.0004009485181254808
2021-11-12,0.007332595780875555
2021-11-15,-0.0012971931749265458
2021-11-16,0.0022831139705171226
2021-11-17,-0.000653945116346345
2021-11-18,-0.001060468702202846
2021-11-22,-0.002677498652651473
2021-11-23,-0.003072285898524573
2021-11-24,-0.005573299549287146
2021-11-25,0.0036846759673644087
2021-11-26,-0.004192492001441538
2021-11-29,0.0006481124287262696
2021-11-30,0.002264733556454848
2021-12-01,0.0002933761915923079
2021-12-02,0.004583010570539541
2021-12-03,-0.0017203421702224548
2021-12-06,-0.005459167358503731
2021-12-07,0.002274804635177519
2021-12-08,0.005772132838102409
2021-12-09,0.0013546053954935039
2021-12-10,-0.0005674520076908943
2021-12-13,-0.001945358976737412
2021-12-14,0.001015977113590739
2021-12-15,-0.0024257182295283008
2021-12-16,0.0060653775595981224
2021-12-17,-0.004401540170376382
2021-12-20,-0.0033903194371371647
2021-12-21,0.0013091574387942442
2021-12-22,0.0020337315035306737
2021-12-23,0.0016902165365338553
2021-12-24,0.0008933266833892379
2021-12-27,0.0012884747307520333
2021-12-28,0.0032929987522760207
2021-12-29,-0.0009038443214777604
2021-12-30,0.0010888336272118283
2021-12-31,0.002483534813086909
2022-01-03,0.0015941210755113888
2022-01-04,0.002472244143232249
2022-01-05,-0.008070931757866159
2022-01-06,-0.0017486405883967355
2022-01-07,-0.0005415123216208487
2022-01-10,0.004235951621592806
2022-01-11,0.0007369825865696354
2022-01-12,0.0020546872036983125
2022-01-13,0.002898673754722338
2022-01-14,0.012460771215171957
2022-01-17,0.003820036548989953
2022-01-18,-0.007019822725779216
2022-01-19,-0.02030091711612955
2022-01-20,-0.016859617257821227
2022-01-21,-0.015130260076771733
2022-01-24,-0.01988441330663014
2022-01-25,-0.006124807823475193
2022-01-27,-0.018362622300490124
2022-01-28,0.003287698288426164
2022-01-31,0.021531486507810633
2022-02-01,0.014993488012949271
2022-02-02,0.0061670679875018885
2022-02-03,-0.019726671427786495
2022-02-04,0.0010650573891061005
2022-02-07,-0.010885126221716382
2022-02-08,0.0009738042896401444
2022-02-09,0.008456679912688666
2022-02-10,0.013500149951256743
2022-02-11,-0.019798499549439075
2022-02-14,-0.011113950047875699
2022-02-15,0.020924146462732215
2022-02-16,-0.0017882981102099508
2022-02-17,-0.0030796099449634175
2022-02-18,-0.006499056774055081
2022-02-21,0.00873759868388079
2022-02-22,0.0013244025172000548
2022-02-23,0.003077745675929712
2022-02-24,-0.031719063317876106
2022-02-25,0.006155800807263848
2022-02-28,0.0077821537098671
2022-03-02,-0.004685266991876989
2022-03-03,0.006656792663038194
2022-03-04,0.0008940096552398394
2022-03-07,0.006030991319438978
2022-03-08,0.01384217165561699
2022-03-09,0.012413523630784738
2022-03-10,0.004346243263573018
2022-03-11,-0.0013413564365960871
2022-03-14,0.02367871941064666
2022-03-15,-0.017072234862050582
2022-03-16,0.01710557135728984
2022-03-17,-0.005522120124841161
2022-03-21,8.197699340126038e-05
2022-03-22,0.005557555049285883
2022-03-23,-0.002617171730134397
2022-03-24,0.002289781581172756
2022-03-25,-0.001855588227030488
2022-03-28,-0.0004233822678273352
2022-03-29,0.0024578803896663694
2022-03-30,0.002853432862510489
2022-03-31,7.378856373590117e-05
2022-04-01,-0.0005188727532023002
2022-04-04,0.004064470148918348
2022-04-05,-0.0034790617334616316
2022-04-06,-0.006649042441877487
2022-04-07,-0.0029262157643279974
2022-04-08,0.0003963861208219545
2022-04-11,-0.007938864741876968
2022-04-12,-0.003472039833381062
2022-04-13,0.0010495782551870904
2022-04-18,-0.021028356935457942
2022-04-19,-0.010983653944620834
2022-04-20,0.0035794342787794134
2022-04-21,-5.179106420566364e-07
2022-04-22,6.21511726583442e-06
2022-04-25,-2.2211386357658873e-05
2022-04-26,-1.3558860727722145e-05
2022-04-27,-1.1015034474048142e-05
2022-04-28,-5.269988848929754e-06
2022-04-29,2.4296955452454123e-05
2022-05-02,-3.293463493023337e-05
2022-05-04,-9.544140358273998e-06
2022-05-05,2.981443000438482e-05
2022-05-06,5.256171374600359e-07
2022-05-09,-6.832692231085936e-06
2022-05-10,-8.434001453364888e-06
2022-05-11,-1.0580461592665922e-05
2022-05-12,-2.125778764868536e-06
2022-05-13,-3.1915048128913285e-05
2022-05-16,-1.509937518606774e-05
2022-05-17,2.1710716320832603e-05
2022-05-18,-8.066773861881096e-06
2022-05-19,1.0792812883203262e-05
2022-05-20,0.013813181513078799
2022-05-23,0.006410850649616013
2022-05-24,-0.013137618888204717
2022-05-25,-0.01492633568137134
2022-05-26,0.006738850857474633
2022-05-27,0.01849195602794016
2022-05-30,0.031532651171925344
2022-05-31,-0.003355199260552965
2022-06-01,-0.011729555712905229
2022-06-02,0.014023446420442265
2022-06-03,0.006396187922227478
2022-06-06,0.0038634499733779704
2022-06-07,-0.010744543019335003
2022-06-08,-0.0031308730351691607
2022-06-09,0.00704051567641561
2022-06-10,-0.01775242972996213
2022-06-13,-0.024933533107644346
2022-06-14,0.007932662892352954
2022-06-15,-0.008968424227573681
2022-06-16,-0.012376122236419653
2022-06-17,-0.004988662875333585
2022-06-20,0.005081988794217458
2022-06-21,0.006637986507280984
2022-06-22,-0.0022909262888327286
2022-06-23,0.002776926624877308
2022-06-24,-0.002051874910112871
2022-06-27,0.006103906150654316
2022-06-28,0.0009882441863912695
2022-06-29,-0.0029979903833074212
2022-06-30,-0.00024227699986603392
2022-07-01,0.003143229315953801
2022-07-04,0.0015264192755570312
2022-07-05,-0.0021263930286506607
2022-07-06,0.0027930675379416966
2022-07-07,0.0012410223403876216
2022-07-08,0.0027593919343164804
2022-07-11,-0.007160580647688833
2022-07-12,-0.006158226991613951
2022-07-13,0.001067717095423835
2022-07-14,-0.0028357799218334517
2022-07-15,0.000275655705761422
2022-07-18,0.010931891899298706
2022-07-19,-0.0005902538762134054
2022-07-20,0.0056661564472294465
2022-07-21,0.0014724776750180703
2022-07-22,-0.00468463975796046
2022-07-25,6.36367565584648e-05
2022-07-26,-0.009417192545123824
2022-07-27,0.0031622558938069647
2022-07-28,0.008506138610452539
2022-07-29,0.004946944363704075
2022-08-01,0.0002351759584565795
2022-08-02,-0.0021243431984791974
2022-08-03,0.0039351203280537
2022-08-04,0.0033811915023861596
2022-08-05,0.0028263562736768194
2022-08-08,0.003266716287525251
2022-08-10,-0.0028256783352596272
2022-08-11,0.0033883842536150664
2022-08-12,-0.004307915253977228
2022-08-16,0.0016154823839305155
2022-08-17,0.0016572749800850188
2022-08-18,-0.002207013411861718
2022-08-19,0.0022687157024146127
2022-08-22,-0.003408696748139894
2022-08-23,-0.005355879367410227
2022-08-24,-0.0008062691968463465
2022-08-25,-0.0031941964673616046
2022-08-26,0.0005684209729749206
2022-08-29,-0.009974931677864018
2022-08-30,0.005417185938891643
2022-09-01,-0.004887501411497618
2022-09-02,-0.0019414130435144506
2022-09-05,0.0014498321924670146
2022-09-06,-0.001076839372156126
2022-09-07,0.0004447705188113195
2022-09-08,0.0031776468012760964
2022-09-09,0.006147709732792489
2022-09-12,0.004121913664577903
2022-09-13,0.0014455817722615122
2022-09-14,-0.011425528094659548
2022-09-15,-0.00732818517082893
2022-09-16,-0.00987539237703602
2022-09-19,0.002442079033777264
2022-09-20,4.860797750399863e-05
2022-09-21,-0.001572270305325752
2022-09-22,-0.0034224774040382904
2022-09-23,-0.006569814338450404
2022-09-26,-0.005789127456591449
2022-09-27,-0.0016389622590508076
2022-09-28,-0.003845991470203187
2022-09-29,-0.0007308399854221367
2022-09-30,0.0064354622426938
2022-10-03,-0.0038379746557632736
2022-10-04,0.00699357791953868
2022-10-06,0.001087648128066902
2022-10-07,-0.0006567535784313675
2022-10-10,-0.0005337495730428963
2022-10-11,-0.002396982361953281
2022-10-12,0.0025823835983503143
2022-10-13,-0.003112186511915463
2022-10-14,0.004344194714968177
2022-10-17,0.0038507780421190934
2022-10-18,0.002456136036503399
2022-10-19,0.00033244937705170525
2022-10-20,-0.005699027588685627
2022-10-21,0.014352783410691544
2022-10-24,0.010737940242831577
2022-10-25,-0.0037078464277033748
2022-10-27,0.0036098156765229272
2022-10-28,-0.006279754079781558
2022-10-31,0.006503368199987562
2022-11-01,-0.0003734690821415767
2022-11-02,-0.002910010020386181
2022-11-03,0.003099959477665523
2022-11-04,-0.0008124054904848535
2022-11-07,0.008727456164947838
2022-11-09,0.001946421796970523
2022-11-10,-0.003611162447152525
2022-11-11,0.010778137647815956
2022-11-14,-0.001203277911309911
2022-11-15,0.005913933357332104
2022-11-16,0.0032265270033375883
2022-11-17,-0.0015269829661985713
2022-11-18,-0.0004079878698962219
2022-11-21,-0.0018010023998142506
2022-11-22,0.0009118688435870011
2022-11-23,-0.0004553457433368038
2022-11-24,0.011191761649440354
2022-11-25,0.0013633006364858116
2022-11-28,-0.0028445570936782936
2022-11-29,0.0013218714870476375
2022-11-30,0.0013755653906969286
2022-12-01,0.005145591678980374
2022-12-02,-0.004400686835285972
2022-12-05,0.00042901726271348277
2022-12-06,-0.006219188412122476
2022-12-07,-0.0017425427053667055
2022-12-08,0.0034656935973040224
2022-12-09,-0.011920708689570793
2022-12-12,-0.005348771659482588
2022-12-13,0.006124818994525987
2022-12-14,0.001751470014886838
2022-12-15,-0.009354585929083737
2022-12-16,-0.004511838828072995
2022-12-19,-0.003705330079079701
2022-12-20,-1.2543098780428024e-05
2022-12-21,-0.014190407851116233
2022-12-22,-0.004071897111197966
2022-12-23,-0.014492853528872704
2022-12-27,0.004463959957703786
2022-12-28,-0.0006155738758310993
2022-12-29,0.008227039774531547
2022-12-30,-0.005100924499737044
2023-01-02,0.004191560843232151
2023-01-03,0.00426644460994566
2023-01-04,-0.008912505634986714
2023-01-05,-0.006762070191810234
2023-01-06,-0.008176807193335018
2023-01-09,0.007747843462333829
2023-01-10,-0.011067573267582018
2023-01-11,0.0043041887466460675
2023-01-12,-0.002955826050035265
2023-01-13,0.005698186578901918
2023-01-16,-0.003988924917493539
2023-01-17,0.0013281990675628318
2023-01-18,0.004379965694399184
2023-01-19,-0.0025238724228073403
2023-01-20,-0.0028094930213532028
2023-01-23,0.0033641679694305445
2023-01-24,0.0002989727470239726
2023-01-25,-0.002215729213576107
2023-01-27,-0.004908274031972136
2023-01-30,0.003751120261876258
2023-01-31,-0.0009621125599811371
2023-02-01,0.0025167643742836036
2023-02-02,0.0049735081036447965
2023-02-03,0.0024368874530450563
2023-02-06,-0.0007523549188696228
2023-02-07,0.0007018262696140371
2023-02-08,0.0002810202067613275
2023-02-09,0.0001000955489089294
2023-02-10,3.062921538487712e-05
2023-02-13,-0.001665344372291252
2023-02-14,0.002214523521749254
2023-02-15,0.0004957753097475055
2023-02-16,-0.0005965045205827786
2023-02-17,-0.00299629508522707
2023-02-20,-0.0026105009640413753
2023-02-21,-0.003267993621060495
2023-02-22,-0.0045031743680671605
2023-02-23,-0.00285612362414687
2023-02-24,-1.29001827570547e-05
2023-02-27,-0.010716049820663988
2023-02-28,-0.0057910202228477125
2023-03-01,0.0022963060173886497
2023-03-02,-0.006419889312711646
2023-03-03,0.0019517666017296576
2023-03-06,0.007647011711625673
2023-03-08,-0.003932053734863086
2023-03-09,-0.003311335436616237
2023-03-10,-0.004770850556872662
2023-03-13,-0.003490157104518036
2023-03-14,-0.000783686236947343
2023-03-15,-0.005926213098493343
2023-03-16,-0.00027813467905631864
2023-03-17,8.49723815893852e-06
2023-03-20,-0.0014249175070027834
2023-03-21,0.009460697431552286
2023-03-22,0.0003443431517921977
2023-03-23,-0.0025175644291829573
2023-03-24,-0.0014735976081142943
2023-03-27,0.00024045744477439634
2023-03-28,0.0009128425914421887
2023-03-29,0.002279261863830001
2023-03-31,0.0046118674731773284
2023-04-03,0.001326358996524874
2023-04-05,0.0012015327021833713
2023-04-06,0.0002689865667738202
2023-04-10,-0.001324901461055558
2023-04-11,0.003432063938530966
2023-04-12,0.0012195470863587891
2023-04-13,0.0036433965777885814
2023-04-17,0.0008130539253846822
2023-04-18,1.6513068195557768e-05
2023-04-19,-0.0006932862185131098
2023-04-20,0.0007219995793452214
2023-04-21,-0.0009444506583804188
2023-04-24,0.0032392623170464973
2023-04-25,0.00026421408368729497
2023-04-26,0.0009347726507829814
2023-04-27,0.0017779184462775387
2023-04-28,0.001771068990526848
2023-05-02,0.0007340705835101937
2023-05-03,-0.00024403109046643146
2023-05-04,0.0023106579612874787
2023-05-05,-0.0062950970108733365
2023-05-08,0.003919668599205233
2023-05-09,-0.0005325422586302506
2023-05-10,0.0008260394101777115
2023-05-11,0.000893819574715472
2023-05-12,0.0019654367736700513
2023-05-15,0.0017077625366334244
2023-05-16,-0.0010259297692641303
2023-05-17,-0.0012536780069955565
2023-05-18,0.00032933827065045196
2023-05-19,0.0013322554312921848
2023-05-22,-0.0005147474592391852
2023-05-23,0.0004242754868762723
2023-05-24,-0.001689580598686074
2023-05-25,2.1803081374976494e-05
2023-05-26,0.002068963621343124
2023-05-29,0.002779310675149712
2023-05-30,0.00394932677111489
2023-05-31,-0.002632739560255366
2023-06-01,-0.002906999766744693
2023-06-02,0.0012798900994777781
2023-06-05,0.001415063894298658
2023-06-06,0.0005414037508194895
2023-06-07,0.0009518733612653952
2023-06-08,-0.0024009577833353957
2023-06-09,-5.392417170947163e-05
2023-06-12,-0.0003865901226335892
2023-06-13,0.0011717501083668908
2023-06-14,-0.0007909621117749464
2023-06-15,-0.004697771719771733
2023-06-16,0.0043210659570236554
2023-06-19,-0.002629722502354435
2023-06-20,0.001154838479459977
2023-06-21,0.0008039767912516674
2023-06-22,-0.001162729394450491
2023-06-23,-0.0008850778122923446
2023-06-26,0.00015795284206022135
2023-06-27,0.00035507701501232507
2023-06-28,0.005844678366839218
2023-06-30,0.014294093454461088
2023-07-03,0.008696365542117113
2023-07-04,0.004298683148919458
2023-07-05,0.0006124606735777305
2023-07-06,0.0063665219765704495
2023-07-07,-0.010610443072148062
2023-07-10,0.0015582879246286985
2023-07-11,0.005392412540547731
2023-07-12,-0.003543036839344371
2023-07-13,0.0018990379819686098
2023-07-14,0.009706393664284385
2023-07-17,0.009388766563801776
2023-07-18,0.0023971335662906212
2023-07-19,0.00531035296435306
2023-07-20,0.009201765549373686
2023-07-21,-0.01464967141038137
2023-07-24,-0.004599290366232023
2023-07-25,0.0005242129285404351
2023-07-26,0.006205423984418368
2023-07-27,0.001934998519824367
2023-07-28,-0.004650164221985728
2023-07-31,-0.00023011953758582306
2023-08-01,0.002939757094162104
2023-08-02,-0.00023002874065901227
2023-08-03,0.0028715020275715906
2023-08-04,-0.0009230218210182935
2023-08-07,0.006701666140203731
2023-08-08,0.0016168437186229161
2023-08-09,0.0023161667492021935
2023-08-10,-0.003241391455158849
2023-08-11,-0.0069313940091304685
2023-08-14,-0.0009305709691872684
2023-08-16,0.010428551837600919
2023-08-17,-0.006749199150678639
2023-08-18,-0.008836440594688338
2023-08-21,-0.0016408933078811776
2023-08-22,-0.0007079268277867328
2023-08-23,-0.0021033907955355273
2023-08-24,0.005127324386193012
2023-08-25,-0.002097925374129292
2023-08-28,-0.003664604892809274
2023-08-29,1.6899855407592757e-05
2023-08-30,-0.0009112869232026144
2023-08-31,-0.004382649137265465
2023-09-01,0.0022510185399228625
2023-09-04,-0.0007750766235720344
2023-09-05,0.005132089043513738
2023-09-06,0.002017986768611851
2023-09-07,0.0013030372015181073
2023-09-08,0.006388313135632182
2023-09-11,0.01034165327316605
2023-09-12,-0.013854894630756228
2023-09-13,0.00479741042474361
2023-09-14,0.0008803376045727767
2023-09-15,0.0017786739745676088
2023-09-18,-0.008350049870902978
2023-09-20,-0.021373493657794913
2023-09-21,-0.0069849973727776895
2023-09-22,-0.003994593158241392
2023-09-25,-0.005904923004121067
2023-09-26,0.0008400042694466977
2023-09-27,-0.001005576518136042
2023-09-28,-0.008055688304588748
2023-09-29,0.008002129962826066
2023-10-03,-0.005200792560133005
2023-10-04,-0.012246883445301698
2023-10-05,0.007088199813821694
2023-10-06,0.0041630524150562676
2023-10-09,-0.013359308310777612
2023-10-10,0.01349072144907898
2023-10-11,0.00441697124336865
2023-10-12,0.0023109421404757247
2023-10-13,-0.008723531068163953
2023-10-16,-0.0017513449579567575
2023-10-17,0.005189311268584684
2023-10-18,-0.014659047648870188
2023-10-19,-0.003822146165722712
2023-10-20,-0.0008984566944543471
2023-10-23,-0.01634868657041516
2023-10-25,-0.009246533831303722
2023-10-26,-0.01610511890934349
2023-10-27,0.014837092023277099
2023-10-30,0.009198321858215619
2023-10-31,-0.006052492757101313
2023-11-01,-0.007203300130715351
2023-11-02,0.005646478713411373
2023-11-03,-0.0012053818353896517
2023-11-06,0.004733729189277808
2023-11-07,-0.009420275112281135
2023-11-08,0.0029625740918657836
2023-11-09,-0.01118684060102404
2023-11-10,0.0010711722484717135
2023-11-13,-0.00925748046055011
2023-11-15,0.010287132395644006
2023-11-16,-0.0017003424035558212
2023-11-17,-0.0012411825295632615
2023-11-20,-0.00482068937007335
2023-11-21,0.0071562536412751515
2023-11-22,0.006987208337980999
2023-11-23,0.001739173873979429
2023-11-24,0.003123824177510004
2023-11-28,0.00011883705892358655
2023-11-29,0.017925430471816828
2023-11-30,-0.009172339046381973
2023-12-01,0.006765304208816277
2023-12-04,0.010086327120199245
2023-12-05,0.006964042858751873
2023-12-06,0.012208310892559889
2023-12-07,-0.0049697828051180675
2023-12-08,0.01502440928979212
2023-12-11,-0.001550149975171433
2023-12-12,-0.0072956901244931845
2023-12-13,-0.01598463956847932
2023-12-14,0.03157298539807617
2023-12-15,0.04470298474867357
2023-12-18,-0.007764247998515206
2023-12-19,-0.0033732324682061664
2023-12-20,-0.012258349167417791
2023-12-21,-0.00022715747693344211
2023-12-22,0.015275644361476116
2023-12-26,-0.010575914667417684
2023-12-27,0.013078478551780997
2023-12-28,-0.002476844137956847
2023-12-29,-0.01102414499433623
2024-01-02,-0.00825214427655596
2024-01-03,-0.02049383566545516
2024-01-04,0.008665879613836625
2024-01-05,0.009293640621165231
2024-01-08,-0.01239357488751271
2024-01-09,0.0030231218509073135
2024-01-10,0.0021070541938826427
2024-01-11,-0.011975633450162575
2024-01-12,0.0048188120823919635
2024-01-15,0.017280506410764094
2024-01-16,-0.0005805474113593033
2024-01-17,0.003754839864848806
2024-01-18,-0.006414998149338092
2024-01-19,0.007157334553980184
2024-01-23,-0.012642699220532665
2024-01-24,0.014340232902579703
2024-01-25,-0.004039523016349532
2024-01-29,-0.005304024674737801
2024-01-30,-0.0013825094553926813
2024-01-31,0.00405278472215562
2024-02-01,0.003512447612364684
2024-02-02,-0.0032825918989637377
2024-02-05,-0.013997813277196458
2024-02-06,-0.005440276576658472
2024-02-07,0.006375152643738891
2024-02-08,0.003856736132335901
2024-02-09,-1.6096001025118498e-24
2024-02-12,-0.004010541612044624
2024-02-13,0.00047358537168029624
2024-02-14,0.007747363932559007
2024-02-15,0.0016794552992882572
2024-02-16,-0.004754322737056416
2024-02-20,-0.0018996489666836536
2024-02-21,-0.0015764646003052184
2024-02-22,0.0018997395512512782
2024-02-23,0.005589372044877708
2024-02-26,0.0064359378536041345
2024-02-27,-0.0007853892210434285
2024-02-28,-0.004499015867377165
2024-02-29,0.0024795386165442296
2024-03-01,0.002842050714225719
2024-03-04,0.00713968475946705
2024-03-05,-0.004348733908034428
2024-03-06,0.00517076330151096
2024-03-07,-0.005942681411803845
2024-03-11,-0.00931732250944729
2024-03-12,0.007146342845581764
2024-03-13,-0.0106885772340461
2024-03-14,0.01695894661211598
2024-03-15,-0.010864243934959845
2024-03-18,-0.007497052158235514
2024-03-19,0.0024774912241343205
2024-03-20,0.011817645783448362
2024-03-21,0.02198491387218865
2024-03-22,0.0025412594943091575
2024-03-26,0.0069208240154636225
2024-03-27,0.03238326036351747
2024-03-28,0.008671277596504767
2024-04-01,-0.0006586438079301735
2024-04-02,0.0068587040573281355
2024-04-03,-0.00939851565220334
2024-04-04,0.00872043228302255
2024-04-05,-0.0017582433650725352
2024-04-08,0.024987301574992404
2024-04-09,-0.006311840235908153
2024-04-10,0.0014450804233323566
2024-04-12,-0.012194508381255752
2024-04-15,-0.013729613690271342
2024-04-16,-0.004761130192589848
2024-04-18,0.0014137925253382422
2024-04-19,0.007546294220824397
2024-04-22,-0.010041773508117219
2024-04-23,-0.0037105345753739756
2024-04-24,0.009958496726894805
2024-04-25,0.00910618689047187
2024-04-26,0.009653327636986175
2024-04-29,0.011964169246953201
2024-04-30,-0.008564399962736752
2024-05-02,0.0015997844951110534
2024-05-03,-0.007600635603181721
2024-05-06,-0.004933369532094428
2024-05-07,-0.0008234707411720887
2024-05-08,0.0043674571224026565
2024-05-09,-0.0016529303936918538
2024-05-10,-0.008355291331543054
2024-05-13,0.008777737890617865
2024-05-14,0.002757555183823257
2024-05-15,-0.004492320816675138
2024-05-16,0.007591136851636537
2024-05-17,0.0036110404347780567
2024-05-21,-0.0017522682573220538
2024-05-22,-0.006926638363381754
2024-05-23,0.025811325193982326
2024-05-24,0.005204344303880171
2024-05-27,0.00791663017393196
2024-05-28,-0.003542188534512991
2024-05-29,-0.01629957417854294
2024-05-30,0.004664818457861819
2024-05-31,0.007744019304993799
2024-06-03,-0.0005835670179252556
2024-06-04,-0.0006188888269789694
2024-06-05,0.021473090643120987
2024-06-06,0.015861907833947253
2024-06-07,0.034212498677720374
2024-06-10,-0.019643130669397824
2024-06-11,0.00602854431396016
2024-06-12,0.004792750131081116
2024-06-13,4.468810177203776e-25
2024-06-14,0.008813059662817967
2024-06-18,-0.005569237827244
2024-06-19,-0.01586107259732579
2024-06-20,0.006588694194735734
2024-06-21,-0.01389176989392892
2024-06-24,-0.018486914217977768
2024-06-25,0.00923159061402788
2024-06-26,-0.0059670970273116575
2024-06-27,0.011458770964760912
2024-06-28,0.006424100108989583
2024-07-01,-0.003520984228398622
2024-07-02,0.0035095372787907753
2024-07-03,-0.008552225840621024
2024-07-04,-0.007688152132830015
2024-07-05,-0.018136389355852944
2024-07-08,-0.002313985785704051
2024-07-09,-0.0021507033766587614
2024-07-10,-0.0007781292349539129
2024-07-11,0.002843666468266004
2024-07-12,0.004255818000843958
2024-07-15,0.0006058890691695851
2024-07-16,0.01049742557212463
2024-07-18,0.009409057315827585
2024-07-19,-0.009934827555490994
2024-07-22,-0.03588695964092956
2024-07-23,-0.03865983261541486
2024-07-24,-0.0033472897823824677
2024-07-25,-0.0003789087300570815
2024-07-26,0.021959162200343163
2024-07-29,6.291562157922925e-05
2024-07-30,0.001067054217875063
2024-07-31,0.004719418763570737
2024-08-01,0.0029933489570910243
2024-08-02,-0.014653669364943361
2024-08-05,-0.019482078913539425
2024-08-06,0.006176229946415084
2024-08-07,-0.008955948835681071
2024-08-08,-0.010980476322223858
2024-08-09,0.012265443564446754
2024-08-12,0.0023138096532104857
2024-08-13,0.002071657874856727
2024-08-14,0.01166205591485799
2024-08-16,0.01128080217127417
2024-08-19,0.0025568746504289934
2024-08-20,0.0032240726862082115
2024-08-21,0.0018373280965006315
2024-08-22,0.00327565791427043
2024-08-23,0.00124552289965674
2024-08-26,0.006130322024292898
2024-08-27,-0.008101740138039227
2024-08-28,0.016676239112407946
2024-08-29,0.015230481878313605
2024-08-30,0.004349494915568409
2024-09-02,0.004426306164067012
2024-09-03,0.00606417575240964
2024-09-04,-0.006985311065784705
2024-09-05,0.0017704384037528498
2024-09-06,-0.021763796907984523
2024-09-09,0.013369486287652943
2024-09-10,0.0037780381207408453
2024-09-11,-0.006464210638774617
2024-09-12,0.01868257296363446
2024-09-13,0.003999533263606969
2024-09-16,0.005176784000711088
2024-09-17,0.0008508594654296764
2024-09-18,0.013454793734329618
2024-09-19,0.006805709850236652
2024-09-20,0.017808065268552775
2024-09-23,0.007263965683394491
2024-09-24,-0.003169697536330174
2024-09-25,0.0030815805660147633
2024-09-26,0.006323816669749627
2024-09-27,-0.012437868576999078
2024-09-30,-0.019880429538526867
2024-10-01,-0.0013095033222010333
2024-10-03,-0.02544759497692159
2024-10-04,-0.009237799335175267
2024-10-07,-0.023880517993955658
2024-10-08,0.013423964747645845
2024-10-09,-0.0003429960212461558
2024-10-10,0.012838885777932407
2024-10-11,0.0063775158161630775
2024-10-14,0.009349216050628955
2024-10-15,-0.002344461799455577
2024-10-16,0.0067959538523342435
2024-10-17,-2.513643025535472e-25
2024-10-18,0.0019263203313930465
2024-10-21,0.011698385384617815
2024-10-22,-0.017158774329910795
2024-10-23,0.008177397748649617
2024-10-24,0.0008657792822852407
2024-10-25,-0.005703480071441308
2024-10-28,0.0044489250335410565
2024-10-29,0.009881504296724852
2024-10-30,0.0026451847542836144
2024-10-31,-0.0018650865251020055
2024-11-01,0.004503131560172692
2024-11-04,-0.016811146714446473
2024-11-05,0.002198564501924535
2024-11-06,-0.006634934989322994
2024-11-07,-0.013509108942974333
2024-11-08,0.013018773314838472
2024-11-11,0.004107739499196388
2024-11-12,0.0029549286616144315
2024-11-13,-0.014031527289552993
2024-11-14,-0.0013018435613667528
2024-11-18,0.0024645485136749563
2024-11-19,0.004638619581022402
2024-11-21,-0.0033622551312370032
2024-11-22,0.02349285305626812
2024-11-25,0.014072489353749395
2024-11-26,0.011517506664222275
2024-11-27,0.0014185199686354655
2024-11-28,-0.022273841979206982
2024-11-29,0.0019234855636348367
2024-12-02,0.007464309310713694
2024-12-03,0.007557827988599717
2024-12-04,-0.0009516155125785528
2024-12-05,0.00424209975033577
2024-12-06,-0.004065195122269849
2024-12-09,-0.001276321746719501
2024-12-10,0.008177810004029801
2024-12-11,-0.0023345141956172947
